station_id,year,window,parameter,rows,non_missing,coverage_pct,error
65,1973,01-01-01-07,tl,145,0,0.0,
65,1973,01-01-01-07,tsmin,145,0,0.0,
65,1973,01-01-01-07,sh,145,0,0.0,
65,1973,01-01-01-07,rr,145,0,0.0,
65,1973,01-01-01-07,so_h,145,145,100.0,
65,1973,02-01-02-07,tl,145,0,0.0,
65,1973,02-01-02-07,tsmin,145,0,0.0,
65,1973,02-01-02-07,sh,145,0,0.0,
65,1973,02-01-02-07,rr,145,0,0.0,
65,1973,02-01-02-07,so_h,145,145,100.0,
65,1980,01-01-01-07,tl,145,0,0.0,
65,1980,01-01-01-07,tsmin,145,0,0.0,
65,1980,01-01-01-07,sh,145,0,0.0,
65,1980,01-01-01-07,rr,145,0,0.0,
65,1980,01-01-01-07,so_h,145,145,100.0,
65,1980,02-01-02-07,tl,145,0,0.0,
65,1980,02-01-02-07,tsmin,145,0,0.0,
65,1980,02-01-02-07,sh,145,0,0.0,
65,1980,02-01-02-07,rr,145,0,0.0,
65,1980,02-01-02-07,so_h,145,145,100.0,
65,1990,01-01-01-07,tl,145,145,100.0,
65,1990,01-01-01-07,tsmin,145,145,100.0,
65,1990,01-01-01-07,sh,145,0,0.0,
65,1990,01-01-01-07,rr,145,145,100.0,
65,1990,01-01-01-07,so_h,145,145,100.0,
65,1990,02-01-02-07,tl,145,145,100.0,
65,1990,02-01-02-07,tsmin,145,145,100.0,
65,1990,02-01-02-07,sh,145,0,0.0,
65,1990,02-01-02-07,rr,145,145,100.0,
65,1990,02-01-02-07,so_h,145,145,100.0,
65,2000,01-01-01-07,tl,145,145,100.0,
65,2000,01-01-01-07,tsmin,145,145,100.0,
65,2000,01-01-01-07,sh,145,0,0.0,
65,2000,01-01-01-07,rr,145,145,100.0,
65,2000,01-01-01-07,so_h,145,145,100.0,
65,2000,02-01-02-07,tl,145,145,100.0,
65,2000,02-01-02-07,tsmin,145,145,100.0,
65,2000,02-01-02-07,sh,145,0,0.0,
65,2000,02-01-02-07,rr,145,145,100.0,
65,2000,02-01-02-07,so_h,145,145,100.0,
65,2010,01-01-01-07,tl,145,145,100.0,
65,2010,01-01-01-07,tsmin,145,145,100.0,
65,2010,01-01-01-07,sh,145,0,0.0,
65,2010,01-01-01-07,rr,145,145,100.0,
65,2010,01-01-01-07,so_h,145,145,100.0,
65,2010,02-01-02-07,tl,145,145,100.0,
65,2010,02-01-02-07,tsmin,145,145,100.0,
65,2010,02-01-02-07,sh,145,0,0.0,
65,2010,02-01-02-07,rr,145,145,100.0,
65,2010,02-01-02-07,so_h,145,145,100.0,
65,2022,01-01-01-07,tl,145,145,100.0,
65,2022,01-01-01-07,tsmin,145,0,0.0,
65,2022,01-01-01-07,sh,145,0,0.0,
65,2022,01-01-01-07,rr,145,145,100.0,
65,2022,01-01-01-07,so_h,145,145,100.0,
65,2022,02-01-02-07,tl,145,145,100.0,
65,2022,02-01-02-07,tsmin,145,0,0.0,
65,2022,02-01-02-07,sh,145,0,0.0,
65,2022,02-01-02-07,rr,145,145,100.0,
65,2022,02-01-02-07,so_h,145,145,100.0,
122,1973,01-01-01-07,tl,145,0,0.0,
122,1973,01-01-01-07,tsmin,145,0,0.0,
122,1973,01-01-01-07,sh,145,0,0.0,
122,1973,01-01-01-07,rr,145,0,0.0,
122,1973,01-01-01-07,so_h,145,145,100.0,
122,1973,02-01-02-07,tl,145,0,0.0,
122,1973,02-01-02-07,tsmin,145,0,0.0,
122,1973,02-01-02-07,sh,145,0,0.0,
122,1973,02-01-02-07,rr,145,0,0.0,
122,1973,02-01-02-07,so_h,145,145,100.0,
122,1980,01-01-01-07,tl,145,0,0.0,
122,1980,01-01-01-07,tsmin,145,0,0.0,
122,1980,01-01-01-07,sh,145,0,0.0,
122,1980,01-01-01-07,rr,145,0,0.0,
122,1980,01-01-01-07,so_h,145,145,100.0,
122,1980,02-01-02-07,tl,145,0,0.0,
122,1980,02-01-02-07,tsmin,145,0,0.0,
122,1980,02-01-02-07,sh,145,0,0.0,
122,1980,02-01-02-07,rr,145,0,0.0,
122,1980,02-01-02-07,so_h,145,145,100.0,
122,1990,01-01-01-07,tl,145,0,0.0,
122,1990,01-01-01-07,tsmin,145,0,0.0,
122,1990,01-01-01-07,sh,145,0,0.0,
122,1990,01-01-01-07,rr,145,0,0.0,
122,1990,01-01-01-07,so_h,145,145,100.0,
122,1990,02-01-02-07,tl,145,0,0.0,
122,1990,02-01-02-07,tsmin,145,0,0.0,
122,1990,02-01-02-07,sh,145,0,0.0,
122,1990,02-01-02-07,rr,145,0,0.0,
122,1990,02-01-02-07,so_h,145,145,100.0,
122,2000,01-01-01-07,tl,145,0,0.0,
122,2000,01-01-01-07,tsmin,145,0,0.0,
122,2000,01-01-01-07,sh,145,0,0.0,
122,2000,01-01-01-07,rr,145,0,0.0,
122,2000,01-01-01-07,so_h,145,145,100.0,
122,2000,02-01-02-07,tl,145,0,0.0,
122,2000,02-01-02-07,tsmin,145,0,0.0,
122,2000,02-01-02-07,sh,145,0,0.0,
122,2000,02-01-02-07,rr,145,0,0.0,
122,2000,02-01-02-07,so_h,145,145,100.0,
122,2010,01-01-01-07,tl,145,145,100.0,
122,2010,01-01-01-07,tsmin,145,145,100.0,
122,2010,01-01-01-07,sh,145,0,0.0,
122,2010,01-01-01-07,rr,145,145,100.0,
122,2010,01-01-01-07,so_h,145,145,100.0,
122,2010,02-01-02-07,tl,145,145,100.0,
122,2010,02-01-02-07,tsmin,145,145,100.0,
122,2010,02-01-02-07,sh,145,0,0.0,
122,2010,02-01-02-07,rr,145,145,100.0,
122,2010,02-01-02-07,so_h,145,145,100.0,
122,2022,01-01-01-07,tl,145,145,100.0,
122,2022,01-01-01-07,tsmin,145,102,70.34,
122,2022,01-01-01-07,sh,145,145,100.0,
122,2022,01-01-01-07,rr,145,145,100.0,
122,2022,01-01-01-07,so_h,145,145,100.0,
122,2022,02-01-02-07,tl,145,145,100.0,
122,2022,02-01-02-07,tsmin,145,145,100.0,
122,2022,02-01-02-07,sh,145,145,100.0,
122,2022,02-01-02-07,rr,145,145,100.0,
122,2022,02-01-02-07,so_h,145,145,100.0,
71,1973,01-01-01-07,tl,145,0,0.0,
71,1973,01-01-01-07,tsmin,145,0,0.0,
71,1973,01-01-01-07,sh,145,0,0.0,
71,1973,01-01-01-07,rr,145,0,0.0,
71,1973,01-01-01-07,so_h,145,0,0.0,
71,1973,02-01-02-07,tl,145,0,0.0,
71,1973,02-01-02-07,tsmin,145,0,0.0,
71,1973,02-01-02-07,sh,145,0,0.0,
71,1973,02-01-02-07,rr,145,0,0.0,
71,1973,02-01-02-07,so_h,145,0,0.0,
71,1980,01-01-01-07,tl,145,0,0.0,
71,1980,01-01-01-07,tsmin,145,0,0.0,
71,1980,01-01-01-07,sh,145,0,0.0,
71,1980,01-01-01-07,rr,145,0,0.0,
71,1980,01-01-01-07,so_h,145,145,100.0,
71,1980,02-01-02-07,tl,145,0,0.0,
71,1980,02-01-02-07,tsmin,145,0,0.0,
71,1980,02-01-02-07,sh,145,0,0.0,
71,1980,02-01-02-07,rr,145,0,0.0,
71,1980,02-01-02-07,so_h,145,145,100.0,
71,1990,01-01-01-07,tl,145,0,0.0,
71,1990,01-01-01-07,tsmin,145,0,0.0,
71,1990,01-01-01-07,sh,145,0,0.0,
71,1990,01-01-01-07,rr,145,0,0.0,
71,1990,01-01-01-07,so_h,145,0,0.0,
71,1990,02-01-02-07,tl,145,0,0.0,
71,1990,02-01-02-07,tsmin,145,0,0.0,
71,1990,02-01-02-07,sh,145,0,0.0,
71,1990,02-01-02-07,rr,145,0,0.0,
71,1990,02-01-02-07,so_h,145,0,0.0,
71,2000,01-01-01-07,tl,145,145,100.0,
71,2000,01-01-01-07,tsmin,145,145,100.0,
71,2000,01-01-01-07,sh,145,0,0.0,
71,2000,01-01-01-07,rr,145,145,100.0,
71,2000,01-01-01-07,so_h,145,145,100.0,
71,2000,02-01-02-07,tl,145,145,100.0,
71,2000,02-01-02-07,tsmin,145,145,100.0,
71,2000,02-01-02-07,sh,145,0,0.0,
71,2000,02-01-02-07,rr,145,145,100.0,
71,2000,02-01-02-07,so_h,145,145,100.0,
71,2010,01-01-01-07,tl,145,145,100.0,
71,2010,01-01-01-07,tsmin,145,145,100.0,
71,2010,01-01-01-07,sh,145,0,0.0,
71,2010,01-01-01-07,rr,145,145,100.0,
71,2010,01-01-01-07,so_h,145,145,100.0,
71,2010,02-01-02-07,tl,145,145,100.0,
71,2010,02-01-02-07,tsmin,145,145,100.0,
71,2010,02-01-02-07,sh,145,0,0.0,
71,2010,02-01-02-07,rr,145,145,100.0,
71,2010,02-01-02-07,so_h,145,145,100.0,
71,2022,01-01-01-07,tl,145,145,100.0,
71,2022,01-01-01-07,tsmin,145,145,100.0,
71,2022,01-01-01-07,sh,145,145,100.0,
71,2022,01-01-01-07,rr,145,145,100.0,
71,2022,01-01-01-07,so_h,145,145,100.0,
71,2022,02-01-02-07,tl,145,145,100.0,
71,2022,02-01-02-07,tsmin,145,145,100.0,
71,2022,02-01-02-07,sh,145,145,100.0,
71,2022,02-01-02-07,rr,145,145,100.0,
71,2022,02-01-02-07,so_h,145,145,100.0,
48,1973,01-01-01-07,tl,145,0,0.0,
48,1973,01-01-01-07,tsmin,145,0,0.0,
48,1973,01-01-01-07,sh,145,0,0.0,
48,1973,01-01-01-07,rr,145,0,0.0,
48,1973,01-01-01-07,so_h,145,145,100.0,
48,1973,02-01-02-07,tl,145,0,0.0,
48,1973,02-01-02-07,tsmin,145,0,0.0,
48,1973,02-01-02-07,sh,145,0,0.0,
48,1973,02-01-02-07,rr,145,0,0.0,
48,1973,02-01-02-07,so_h,145,145,100.0,
48,1980,01-01-01-07,tl,145,145,100.0,
48,1980,01-01-01-07,tsmin,145,0,0.0,
48,1980,01-01-01-07,sh,145,0,0.0,
48,1980,01-01-01-07,rr,145,0,0.0,
48,1980,01-01-01-07,so_h,145,145,100.0,
48,1980,02-01-02-07,tl,145,145,100.0,
48,1980,02-01-02-07,tsmin,145,0,0.0,
48,1980,02-01-02-07,sh,145,0,0.0,
48,1980,02-01-02-07,rr,145,0,0.0,
48,1980,02-01-02-07,so_h,145,145,100.0,
48,1990,01-01-01-07,tl,145,0,0.0,
48,1990,01-01-01-07,tsmin,145,0,0.0,
48,1990,01-01-01-07,sh,145,0,0.0,
48,1990,01-01-01-07,rr,145,0,0.0,
48,1990,01-01-01-07,so_h,145,145,100.0,
48,1990,02-01-02-07,tl,145,0,0.0,
48,1990,02-01-02-07,tsmin,145,0,0.0,
48,1990,02-01-02-07,sh,145,0,0.0,
48,1990,02-01-02-07,rr,145,0,0.0,
48,1990,02-01-02-07,so_h,145,145,100.0,
48,2000,01-01-01-07,tl,145,145,100.0,
48,2000,01-01-01-07,tsmin,145,145,100.0,
48,2000,01-01-01-07,sh,145,0,0.0,
48,2000,01-01-01-07,rr,145,145,100.0,
48,2000,01-01-01-07,so_h,145,145,100.0,
48,2000,02-01-02-07,tl,145,139,95.86,
48,2000,02-01-02-07,tsmin,145,145,100.0,
48,2000,02-01-02-07,sh,145,0,0.0,
48,2000,02-01-02-07,rr,145,145,100.0,
48,2000,02-01-02-07,so_h,145,145,100.0,
48,2010,01-01-01-07,tl,145,145,100.0,
48,2010,01-01-01-07,tsmin,145,145,100.0,
48,2010,01-01-01-07,sh,145,0,0.0,
48,2010,01-01-01-07,rr,145,145,100.0,
48,2010,01-01-01-07,so_h,145,145,100.0,
48,2010,02-01-02-07,tl,145,145,100.0,
48,2010,02-01-02-07,tsmin,145,145,100.0,
48,2010,02-01-02-07,sh,145,0,0.0,
48,2010,02-01-02-07,rr,145,145,100.0,
48,2010,02-01-02-07,so_h,145,145,100.0,
48,2022,01-01-01-07,tl,145,145,100.0,
48,2022,01-01-01-07,tsmin,145,101,69.66,
48,2022,01-01-01-07,sh,145,145,100.0,
48,2022,01-01-01-07,rr,145,145,100.0,
48,2022,01-01-01-07,so_h,145,145,100.0,
48,2022,02-01-02-07,tl,145,145,100.0,
48,2022,02-01-02-07,tsmin,145,145,100.0,
48,2022,02-01-02-07,sh,145,145,100.0,
48,2022,02-01-02-07,rr,145,145,100.0,
48,2022,02-01-02-07,so_h,145,145,100.0,
80,1973,01-01-01-07,tl,145,0,0.0,
80,1973,01-01-01-07,tsmin,145,0,0.0,
80,1973,01-01-01-07,sh,145,0,0.0,
80,1973,01-01-01-07,rr,145,0,0.0,
80,1973,01-01-01-07,so_h,145,0,0.0,
80,1973,02-01-02-07,tl,145,0,0.0,
80,1973,02-01-02-07,tsmin,145,0,0.0,
80,1973,02-01-02-07,sh,145,0,0.0,
80,1973,02-01-02-07,rr,145,0,0.0,
80,1973,02-01-02-07,so_h,145,0,0.0,
80,1980,01-01-01-07,tl,145,0,0.0,
80,1980,01-01-01-07,tsmin,145,0,0.0,
80,1980,01-01-01-07,sh,145,0,0.0,
80,1980,01-01-01-07,rr,145,0,0.0,
80,1980,01-01-01-07,so_h,145,0,0.0,
80,1980,02-01-02-07,tl,145,0,0.0,
80,1980,02-01-02-07,tsmin,145,0,0.0,
80,1980,02-01-02-07,sh,145,0,0.0,
80,1980,02-01-02-07,rr,145,0,0.0,
80,1980,02-01-02-07,so_h,145,0,0.0,
80,1990,01-01-01-07,tl,145,145,100.0,
80,1990,01-01-01-07,tsmin,145,0,0.0,
80,1990,01-01-01-07,sh,145,0,0.0,
80,1990,01-01-01-07,rr,145,145,100.0,
80,1990,01-01-01-07,so_h,145,145,100.0,
80,1990,02-01-02-07,tl,145,145,100.0,
80,1990,02-01-02-07,tsmin,145,0,0.0,
80,1990,02-01-02-07,sh,145,0,0.0,
80,1990,02-01-02-07,rr,145,145,100.0,
80,1990,02-01-02-07,so_h,145,145,100.0,
80,2000,01-01-01-07,tl,145,136,93.79,
80,2000,01-01-01-07,tsmin,145,0,0.0,
80,2000,01-01-01-07,sh,145,0,0.0,
80,2000,01-01-01-07,rr,145,136,93.79,
80,2000,01-01-01-07,so_h,145,145,100.0,
80,2000,02-01-02-07,tl,145,145,100.0,
80,2000,02-01-02-07,tsmin,145,0,0.0,
80,2000,02-01-02-07,sh,145,0,0.0,
80,2000,02-01-02-07,rr,145,145,100.0,
80,2000,02-01-02-07,so_h,145,145,100.0,
80,2010,01-01-01-07,tl,145,145,100.0,
80,2010,01-01-01-07,tsmin,145,145,100.0,
80,2010,01-01-01-07,sh,145,0,0.0,
80,2010,01-01-01-07,rr,145,145,100.0,
80,2010,01-01-01-07,so_h,145,145,100.0,
80,2010,02-01-02-07,tl,145,145,100.0,
80,2010,02-01-02-07,tsmin,145,145,100.0,
80,2010,02-01-02-07,sh,145,0,0.0,
80,2010,02-01-02-07,rr,145,145,100.0,
80,2010,02-01-02-07,so_h,145,145,100.0,
80,2022,01-01-01-07,tl,145,145,100.0,
80,2022,01-01-01-07,tsmin,145,145,100.0,
80,2022,01-01-01-07,sh,145,0,0.0,
80,2022,01-01-01-07,rr,145,145,100.0,
80,2022,01-01-01-07,so_h,145,145,100.0,
80,2022,02-01-02-07,tl,145,145,100.0,
80,2022,02-01-02-07,tsmin,145,145,100.0,
80,2022,02-01-02-07,sh,145,0,0.0,
80,2022,02-01-02-07,rr,145,145,100.0,
80,2022,02-01-02-07,so_h,145,145,100.0,
89,1973,01-01-01-07,tl,145,0,0.0,
89,1973,01-01-01-07,tsmin,145,0,0.0,
89,1973,01-01-01-07,sh,145,0,0.0,
89,1973,01-01-01-07,rr,145,0,0.0,
89,1973,01-01-01-07,so_h,145,145,100.0,
89,1973,02-01-02-07,tl,145,0,0.0,
89,1973,02-01-02-07,tsmin,145,0,0.0,
89,1973,02-01-02-07,sh,145,0,0.0,
89,1973,02-01-02-07,rr,145,0,0.0,
89,1973,02-01-02-07,so_h,145,145,100.0,
89,1980,01-01-01-07,tl,145,0,0.0,
89,1980,01-01-01-07,tsmin,145,0,0.0,
89,1980,01-01-01-07,sh,145,0,0.0,
89,1980,01-01-01-07,rr,145,0,0.0,
89,1980,01-01-01-07,so_h,145,0,0.0,
89,1980,02-01-02-07,tl,145,0,0.0,
89,1980,02-01-02-07,tsmin,145,0,0.0,
89,1980,02-01-02-07,sh,145,0,0.0,
89,1980,02-01-02-07,rr,145,0,0.0,
89,1980,02-01-02-07,so_h,145,0,0.0,
89,1990,01-01-01-07,tl,145,0,0.0,
89,1990,01-01-01-07,tsmin,145,0,0.0,
89,1990,01-01-01-07,sh,145,0,0.0,
89,1990,01-01-01-07,rr,145,0,0.0,
89,1990,01-01-01-07,so_h,145,0,0.0,
89,1990,02-01-02-07,tl,145,0,0.0,
89,1990,02-01-02-07,tsmin,145,0,0.0,
89,1990,02-01-02-07,sh,145,0,0.0,
89,1990,02-01-02-07,rr,145,0,0.0,
89,1990,02-01-02-07,so_h,145,0,0.0,
89,2000,01-01-01-07,tl,145,145,100.0,
89,2000,01-01-01-07,tsmin,145,145,100.0,
89,2000,01-01-01-07,sh,145,0,0.0,
89,2000,01-01-01-07,rr,145,145,100.0,
89,2000,01-01-01-07,so_h,145,145,100.0,
89,2000,02-01-02-07,tl,145,145,100.0,
89,2000,02-01-02-07,tsmin,145,145,100.0,
89,2000,02-01-02-07,sh,145,0,0.0,
89,2000,02-01-02-07,rr,145,145,100.0,
89,2000,02-01-02-07,so_h,145,145,100.0,
89,2010,01-01-01-07,tl,145,145,100.0,
89,2010,01-01-01-07,tsmin,145,0,0.0,
89,2010,01-01-01-07,sh,145,0,0.0,
89,2010,01-01-01-07,rr,145,135,93.1,
89,2010,01-01-01-07,so_h,145,145,100.0,
89,2010,02-01-02-07,tl,145,145,100.0,
89,2010,02-01-02-07,tsmin,145,38,26.21,
89,2010,02-01-02-07,sh,145,0,0.0,
89,2010,02-01-02-07,rr,145,145,100.0,
89,2010,02-01-02-07,so_h,145,145,100.0,
89,2022,01-01-01-07,tl,145,145,100.0,
89,2022,01-01-01-07,tsmin,145,145,100.0,
89,2022,01-01-01-07,sh,145,0,0.0,
89,2022,01-01-01-07,rr,145,145,100.0,
89,2022,01-01-01-07,so_h,145,145,100.0,
89,2022,02-01-02-07,tl,145,145,100.0,
89,2022,02-01-02-07,tsmin,145,145,100.0,
89,2022,02-01-02-07,sh,145,0,0.0,
89,2022,02-01-02-07,rr,145,145,100.0,
89,2022,02-01-02-07,so_h,145,145,100.0,
4,1973,01-01-01-07,tl,145,144,99.31,
4,1973,01-01-01-07,tsmin,145,0,0.0,
4,1973,01-01-01-07,sh,145,0,0.0,
4,1973,01-01-01-07,rr,145,0,0.0,
4,1973,01-01-01-07,so_h,145,145,100.0,
4,1973,02-01-02-07,tl,145,145,100.0,
4,1973,02-01-02-07,tsmin,145,0,0.0,
4,1973,02-01-02-07,sh,145,0,0.0,
4,1973,02-01-02-07,rr,145,0,0.0,
4,1973,02-01-02-07,so_h,145,145,100.0,
4,1980,01-01-01-07,tl,145,0,0.0,
4,1980,01-01-01-07,tsmin,145,0,0.0,
4,1980,01-01-01-07,sh,145,0,0.0,
4,1980,01-01-01-07,rr,145,0,0.0,
4,1980,01-01-01-07,so_h,145,145,100.0,
4,1980,02-01-02-07,tl,145,0,0.0,
4,1980,02-01-02-07,tsmin,145,0,0.0,
4,1980,02-01-02-07,sh,145,0,0.0,
4,1980,02-01-02-07,rr,145,0,0.0,
4,1980,02-01-02-07,so_h,145,145,100.0,
4,1990,01-01-01-07,tl,145,0,0.0,
4,1990,01-01-01-07,tsmin,145,0,0.0,
4,1990,01-01-01-07,sh,145,0,0.0,
4,1990,01-01-01-07,rr,145,0,0.0,
4,1990,01-01-01-07,so_h,145,0,0.0,
4,1990,02-01-02-07,tl,145,0,0.0,
4,1990,02-01-02-07,tsmin,145,0,0.0,
4,1990,02-01-02-07,sh,145,0,0.0,
4,1990,02-01-02-07,rr,145,0,0.0,
4,1990,02-01-02-07,so_h,145,0,0.0,
4,2000,01-01-01-07,tl,145,145,100.0,
4,2000,01-01-01-07,tsmin,145,145,100.0,
4,2000,01-01-01-07,sh,145,0,0.0,
4,2000,01-01-01-07,rr,145,145,100.0,
4,2000,01-01-01-07,so_h,145,145,100.0,
4,2000,02-01-02-07,tl,145,145,100.0,
4,2000,02-01-02-07,tsmin,145,145,100.0,
4,2000,02-01-02-07,sh,145,0,0.0,
4,2000,02-01-02-07,rr,145,145,100.0,
4,2000,02-01-02-07,so_h,145,145,100.0,
4,2010,01-01-01-07,tl,145,145,100.0,
4,2010,01-01-01-07,tsmin,145,145,100.0,
4,2010,01-01-01-07,sh,145,0,0.0,
4,2010,01-01-01-07,rr,145,145,100.0,
4,2010,01-01-01-07,so_h,145,145,100.0,
4,2010,02-01-02-07,tl,145,145,100.0,
4,2010,02-01-02-07,tsmin,145,145,100.0,
4,2010,02-01-02-07,sh,145,0,0.0,
4,2010,02-01-02-07,rr,145,145,100.0,
4,2010,02-01-02-07,so_h,145,145,100.0,
4,2022,01-01-01-07,tl,145,145,100.0,
4,2022,01-01-01-07,tsmin,145,145,100.0,
4,2022,01-01-01-07,sh,145,0,0.0,
4,2022,01-01-01-07,rr,145,145,100.0,
4,2022,01-01-01-07,so_h,145,145,100.0,
4,2022,02-01-02-07,tl,145,145,100.0,
4,2022,02-01-02-07,tsmin,145,145,100.0,
4,2022,02-01-02-07,sh,145,0,0.0,
4,2022,02-01-02-07,rr,145,145,100.0,
4,2022,02-01-02-07,so_h,145,145,100.0,
204,1973,01-01-01-07,tl,145,0,0.0,
204,1973,01-01-01-07,tsmin,145,0,0.0,
204,1973,01-01-01-07,sh,145,0,0.0,
204,1973,01-01-01-07,rr,145,0,0.0,
204,1973,01-01-01-07,so_h,145,145,100.0,
204,1973,02-01-02-07,tl,145,0,0.0,
204,1973,02-01-02-07,tsmin,145,0,0.0,
204,1973,02-01-02-07,sh,145,0,0.0,
204,1973,02-01-02-07,rr,145,0,0.0,
204,1973,02-01-02-07,so_h,145,145,100.0,
204,1980,01-01-01-07,tl,145,0,0.0,
204,1980,01-01-01-07,tsmin,145,0,0.0,
204,1980,01-01-01-07,sh,145,0,0.0,
204,1980,01-01-01-07,rr,145,0,0.0,
204,1980,01-01-01-07,so_h,145,145,100.0,
204,1980,02-01-02-07,tl,145,0,0.0,
204,1980,02-01-02-07,tsmin,145,0,0.0,
204,1980,02-01-02-07,sh,145,0,0.0,
204,1980,02-01-02-07,rr,145,0,0.0,
204,1980,02-01-02-07,so_h,145,145,100.0,
204,1990,01-01-01-07,tl,145,0,0.0,
204,1990,01-01-01-07,tsmin,145,0,0.0,
204,1990,01-01-01-07,sh,145,0,0.0,
204,1990,01-01-01-07,rr,145,0,0.0,
204,1990,01-01-01-07,so_h,145,145,100.0,
204,1990,02-01-02-07,tl,145,0,0.0,
204,1990,02-01-02-07,tsmin,145,0,0.0,
204,1990,02-01-02-07,sh,145,0,0.0,
204,1990,02-01-02-07,rr,145,0,0.0,
204,1990,02-01-02-07,so_h,145,145,100.0,
204,2000,01-01-01-07,tl,145,0,0.0,
204,2000,01-01-01-07,tsmin,145,0,0.0,
204,2000,01-01-01-07,sh,145,0,0.0,
204,2000,01-01-01-07,rr,145,0,0.0,
204,2000,01-01-01-07,so_h,145,145,100.0,
204,2000,02-01-02-07,tl,145,0,0.0,
204,2000,02-01-02-07,tsmin,145,0,0.0,
204,2000,02-01-02-07,sh,145,0,0.0,
204,2000,02-01-02-07,rr,145,0,0.0,
204,2000,02-01-02-07,so_h,145,145,100.0,
204,2010,01-01-01-07,tl,145,145,100.0,
204,2010,01-01-01-07,tsmin,145,145,100.0,
204,2010,01-01-01-07,sh,145,0,0.0,
204,2010,01-01-01-07,rr,145,145,100.0,
204,2010,01-01-01-07,so_h,145,145,100.0,
204,2010,02-01-02-07,tl,145,145,100.0,
204,2010,02-01-02-07,tsmin,145,145,100.0,
204,2010,02-01-02-07,sh,145,0,0.0,
204,2010,02-01-02-07,rr,145,145,100.0,
204,2010,02-01-02-07,so_h,145,145,100.0,
204,2022,01-01-01-07,tl,145,145,100.0,
204,2022,01-01-01-07,tsmin,145,145,100.0,
204,2022,01-01-01-07,sh,145,0,0.0,
204,2022,01-01-01-07,rr,145,145,100.0,
204,2022,01-01-01-07,so_h,145,145,100.0,
204,2022,02-01-02-07,tl,145,145,100.0,
204,2022,02-01-02-07,tsmin,145,145,100.0,
204,2022,02-01-02-07,sh,145,0,0.0,
204,2022,02-01-02-07,rr,145,145,100.0,
204,2022,02-01-02-07,so_h,145,145,100.0,
26,1973,01-01-01-07,tl,145,18,12.41,
26,1973,01-01-01-07,tsmin,145,0,0.0,
26,1973,01-01-01-07,sh,145,0,0.0,
26,1973,01-01-01-07,rr,145,0,0.0,
26,1973,01-01-01-07,so_h,145,0,0.0,
26,1973,02-01-02-07,tl,145,18,12.41,
26,1973,02-01-02-07,tsmin,145,0,0.0,
26,1973,02-01-02-07,sh,145,0,0.0,
26,1973,02-01-02-07,rr,145,0,0.0,
26,1973,02-01-02-07,so_h,145,0,0.0,
26,1980,01-01-01-07,tl,145,0,0.0,
26,1980,01-01-01-07,tsmin,145,0,0.0,
26,1980,01-01-01-07,sh,145,0,0.0,
26,1980,01-01-01-07,rr,145,0,0.0,
26,1980,01-01-01-07,so_h,145,0,0.0,
26,1980,02-01-02-07,tl,145,0,0.0,
26,1980,02-01-02-07,tsmin,145,0,0.0,
26,1980,02-01-02-07,sh,145,0,0.0,
26,1980,02-01-02-07,rr,145,0,0.0,
26,1980,02-01-02-07,so_h,145,0,0.0,
26,1990,01-01-01-07,tl,145,0,0.0,
26,1990,01-01-01-07,tsmin,145,0,0.0,
26,1990,01-01-01-07,sh,145,0,0.0,
26,1990,01-01-01-07,rr,145,0,0.0,
26,1990,01-01-01-07,so_h,145,0,0.0,
26,1990,02-01-02-07,tl,145,0,0.0,
26,1990,02-01-02-07,tsmin,145,0,0.0,
26,1990,02-01-02-07,sh,145,0,0.0,
26,1990,02-01-02-07,rr,145,0,0.0,
26,1990,02-01-02-07,so_h,145,0,0.0,
26,2000,01-01-01-07,tl,145,145,100.0,
26,2000,01-01-01-07,tsmin,145,145,100.0,
26,2000,01-01-01-07,sh,145,0,0.0,
26,2000,01-01-01-07,rr,145,145,100.0,
26,2000,01-01-01-07,so_h,145,145,100.0,
26,2000,02-01-02-07,tl,145,145,100.0,
26,2000,02-01-02-07,tsmin,145,145,100.0,
26,2000,02-01-02-07,sh,145,0,0.0,
26,2000,02-01-02-07,rr,145,145,100.0,
26,2000,02-01-02-07,so_h,145,145,100.0,
26,2010,01-01-01-07,tl,145,145,100.0,
26,2010,01-01-01-07,tsmin,145,145,100.0,
26,2010,01-01-01-07,sh,145,0,0.0,
26,2010,01-01-01-07,rr,145,145,100.0,
26,2010,01-01-01-07,so_h,145,145,100.0,
26,2010,02-01-02-07,tl,145,145,100.0,
26,2010,02-01-02-07,tsmin,145,145,100.0,
26,2010,02-01-02-07,sh,145,0,0.0,
26,2010,02-01-02-07,rr,145,145,100.0,
26,2010,02-01-02-07,so_h,145,145,100.0,
26,2022,01-01-01-07,tl,145,145,100.0,
26,2022,01-01-01-07,tsmin,145,145,100.0,
26,2022,01-01-01-07,sh,145,145,100.0,
26,2022,01-01-01-07,rr,145,145,100.0,
26,2022,01-01-01-07,so_h,145,145,100.0,
26,2022,02-01-02-07,tl,145,145,100.0,
26,2022,02-01-02-07,tsmin,145,145,100.0,
26,2022,02-01-02-07,sh,145,145,100.0,
26,2022,02-01-02-07,rr,145,145,100.0,
26,2022,02-01-02-07,so_h,145,145,100.0,
56,1973,01-01-01-07,tl,145,0,0.0,
56,1973,01-01-01-07,tsmin,145,0,0.0,
56,1973,01-01-01-07,sh,145,0,0.0,
56,1973,01-01-01-07,rr,145,0,0.0,
56,1973,01-01-01-07,so_h,145,0,0.0,
56,1973,02-01-02-07,tl,145,0,0.0,
56,1973,02-01-02-07,tsmin,145,0,0.0,
56,1973,02-01-02-07,sh,145,0,0.0,
56,1973,02-01-02-07,rr,145,0,0.0,
56,1973,02-01-02-07,so_h,145,0,0.0,
56,1980,01-01-01-07,tl,145,0,0.0,
56,1980,01-01-01-07,tsmin,145,0,0.0,
56,1980,01-01-01-07,sh,145,0,0.0,
56,1980,01-01-01-07,rr,145,0,0.0,
56,1980,01-01-01-07,so_h,145,0,0.0,
56,1980,02-01-02-07,tl,145,0,0.0,
56,1980,02-01-02-07,tsmin,145,0,0.0,
56,1980,02-01-02-07,sh,145,0,0.0,
56,1980,02-01-02-07,rr,145,0,0.0,
56,1980,02-01-02-07,so_h,145,0,0.0,
56,1990,01-01-01-07,tl,145,0,0.0,
56,1990,01-01-01-07,tsmin,145,0,0.0,
56,1990,01-01-01-07,sh,145,0,0.0,
56,1990,01-01-01-07,rr,145,0,0.0,
56,1990,01-01-01-07,so_h,145,0,0.0,
56,1990,02-01-02-07,tl,145,0,0.0,
56,1990,02-01-02-07,tsmin,145,0,0.0,
56,1990,02-01-02-07,sh,145,0,0.0,
56,1990,02-01-02-07,rr,145,0,0.0,
56,1990,02-01-02-07,so_h,145,0,0.0,
56,2000,01-01-01-07,tl,145,145,100.0,
56,2000,01-01-01-07,tsmin,145,145,100.0,
56,2000,01-01-01-07,sh,145,0,0.0,
56,2000,01-01-01-07,rr,145,145,100.0,
56,2000,01-01-01-07,so_h,145,145,100.0,
56,2000,02-01-02-07,tl,145,145,100.0,
56,2000,02-01-02-07,tsmin,145,145,100.0,
56,2000,02-01-02-07,sh,145,0,0.0,
56,2000,02-01-02-07,rr,145,145,100.0,
56,2000,02-01-02-07,so_h,145,145,100.0,
56,2010,01-01-01-07,tl,145,145,100.0,
56,2010,01-01-01-07,tsmin,145,145,100.0,
56,2010,01-01-01-07,sh,145,0,0.0,
56,2010,01-01-01-07,rr,145,145,100.0,
56,2010,01-01-01-07,so_h,145,145,100.0,
56,2010,02-01-02-07,tl,145,145,100.0,
56,2010,02-01-02-07,tsmin,145,145,100.0,
56,2010,02-01-02-07,sh,145,0,0.0,
56,2010,02-01-02-07,rr,145,145,100.0,
56,2010,02-01-02-07,so_h,145,145,100.0,
56,2022,01-01-01-07,tl,145,145,100.0,
56,2022,01-01-01-07,tsmin,145,145,100.0,
56,2022,01-01-01-07,sh,145,0,0.0,
56,2022,01-01-01-07,rr,145,145,100.0,
56,2022,01-01-01-07,so_h,145,145,100.0,
56,2022,02-01-02-07,tl,145,145,100.0,
56,2022,02-01-02-07,tsmin,145,145,100.0,
56,2022,02-01-02-07,sh,145,0,0.0,
56,2022,02-01-02-07,rr,145,145,100.0,
56,2022,02-01-02-07,so_h,145,145,100.0,
213,1973,01-01-01-07,tl,145,0,0.0,
213,1973,01-01-01-07,tsmin,145,0,0.0,
213,1973,01-01-01-07,sh,145,0,0.0,
213,1973,01-01-01-07,rr,145,0,0.0,
213,1973,01-01-01-07,so_h,145,145,100.0,
213,1973,02-01-02-07,tl,145,0,0.0,
213,1973,02-01-02-07,tsmin,145,0,0.0,
213,1973,02-01-02-07,sh,145,0,0.0,
213,1973,02-01-02-07,rr,145,0,0.0,
213,1973,02-01-02-07,so_h,145,145,100.0,
213,1980,01-01-01-07,tl,145,145,100.0,
213,1980,01-01-01-07,tsmin,145,0,0.0,
213,1980,01-01-01-07,sh,145,0,0.0,
213,1980,01-01-01-07,rr,145,0,0.0,
213,1980,01-01-01-07,so_h,145,145,100.0,
213,1980,02-01-02-07,tl,145,145,100.0,
213,1980,02-01-02-07,tsmin,145,0,0.0,
213,1980,02-01-02-07,sh,145,0,0.0,
213,1980,02-01-02-07,rr,145,0,0.0,
213,1980,02-01-02-07,so_h,145,145,100.0,
213,1990,01-01-01-07,tl,145,0,0.0,
213,1990,01-01-01-07,tsmin,145,0,0.0,
213,1990,01-01-01-07,sh,145,0,0.0,
213,1990,01-01-01-07,rr,145,0,0.0,
213,1990,01-01-01-07,so_h,145,145,100.0,
213,1990,02-01-02-07,tl,145,0,0.0,
213,1990,02-01-02-07,tsmin,145,0,0.0,
213,1990,02-01-02-07,sh,145,0,0.0,
213,1990,02-01-02-07,rr,145,0,0.0,
213,1990,02-01-02-07,so_h,145,145,100.0,
213,2000,01-01-01-07,tl,145,0,0.0,
213,2000,01-01-01-07,tsmin,145,0,0.0,
213,2000,01-01-01-07,sh,145,0,0.0,
213,2000,01-01-01-07,rr,145,0,0.0,
213,2000,01-01-01-07,so_h,145,145,100.0,
213,2000,02-01-02-07,tl,145,0,0.0,
213,2000,02-01-02-07,tsmin,145,0,0.0,
213,2000,02-01-02-07,sh,145,0,0.0,
213,2000,02-01-02-07,rr,145,0,0.0,
213,2000,02-01-02-07,so_h,145,145,100.0,
213,2010,01-01-01-07,tl,145,145,100.0,
213,2010,01-01-01-07,tsmin,145,0,0.0,
213,2010,01-01-01-07,sh,145,0,0.0,
213,2010,01-01-01-07,rr,145,0,0.0,
213,2010,01-01-01-07,so_h,145,145,100.0,
213,2010,02-01-02-07,tl,145,145,100.0,
213,2010,02-01-02-07,tsmin,145,0,0.0,
213,2010,02-01-02-07,sh,145,0,0.0,
213,2010,02-01-02-07,rr,145,0,0.0,
213,2010,02-01-02-07,so_h,145,145,100.0,
213,2022,01-01-01-07,tl,145,145,100.0,
213,2022,01-01-01-07,tsmin,145,0,0.0,
213,2022,01-01-01-07,sh,145,118,81.38,
213,2022,01-01-01-07,rr,145,7,4.83,
213,2022,01-01-01-07,so_h,145,145,100.0,
213,2022,02-01-02-07,tl,145,145,100.0,
213,2022,02-01-02-07,tsmin,145,0,0.0,
213,2022,02-01-02-07,sh,145,145,100.0,
213,2022,02-01-02-07,rr,145,0,0.0,
213,2022,02-01-02-07,so_h,145,145,100.0,
85,1973,01-01-01-07,tl,145,0,0.0,
85,1973,01-01-01-07,tsmin,145,0,0.0,
85,1973,01-01-01-07,sh,145,0,0.0,
85,1973,01-01-01-07,rr,145,0,0.0,
85,1973,01-01-01-07,so_h,145,145,100.0,
85,1973,02-01-02-07,tl,145,0,0.0,
85,1973,02-01-02-07,tsmin,145,0,0.0,
85,1973,02-01-02-07,sh,145,0,0.0,
85,1973,02-01-02-07,rr,145,0,0.0,
85,1973,02-01-02-07,so_h,145,145,100.0,
85,1980,01-01-01-07,tl,145,0,0.0,
85,1980,01-01-01-07,tsmin,145,0,0.0,
85,1980,01-01-01-07,sh,145,0,0.0,
85,1980,01-01-01-07,rr,145,0,0.0,
85,1980,01-01-01-07,so_h,145,145,100.0,
85,1980,02-01-02-07,tl,145,0,0.0,
85,1980,02-01-02-07,tsmin,145,0,0.0,
85,1980,02-01-02-07,sh,145,0,0.0,
85,1980,02-01-02-07,rr,145,0,0.0,
85,1980,02-01-02-07,so_h,145,145,100.0,
85,1990,01-01-01-07,tl,145,143,98.62,
85,1990,01-01-01-07,tsmin,145,0,0.0,
85,1990,01-01-01-07,sh,145,142,97.93,
85,1990,01-01-01-07,rr,145,145,100.0,
85,1990,01-01-01-07,so_h,145,145,100.0,
85,1990,02-01-02-07,tl,145,144,99.31,
85,1990,02-01-02-07,tsmin,145,0,0.0,
85,1990,02-01-02-07,sh,145,144,99.31,
85,1990,02-01-02-07,rr,145,145,100.0,
85,1990,02-01-02-07,so_h,145,145,100.0,
85,2000,01-01-01-07,tl,145,87,60.0,
85,2000,01-01-01-07,tsmin,145,0,0.0,
85,2000,01-01-01-07,sh,145,128,88.28,
85,2000,01-01-01-07,rr,145,145,100.0,
85,2000,01-01-01-07,so_h,145,145,100.0,
85,2000,02-01-02-07,tl,145,131,90.34,
85,2000,02-01-02-07,tsmin,145,0,0.0,
85,2000,02-01-02-07,sh,145,145,100.0,
85,2000,02-01-02-07,rr,145,145,100.0,
85,2000,02-01-02-07,so_h,145,145,100.0,
85,2010,01-01-01-07,tl,145,145,100.0,
85,2010,01-01-01-07,tsmin,145,0,0.0,
85,2010,01-01-01-07,sh,145,0,0.0,
85,2010,01-01-01-07,rr,145,145,100.0,
85,2010,01-01-01-07,so_h,145,145,100.0,
85,2010,02-01-02-07,tl,145,145,100.0,
85,2010,02-01-02-07,tsmin,145,0,0.0,
85,2010,02-01-02-07,sh,145,0,0.0,
85,2010,02-01-02-07,rr,145,145,100.0,
85,2010,02-01-02-07,so_h,145,145,100.0,
85,2022,01-01-01-07,tl,145,145,100.0,
85,2022,01-01-01-07,tsmin,145,0,0.0,
85,2022,01-01-01-07,sh,145,0,0.0,
85,2022,01-01-01-07,rr,145,145,100.0,
85,2022,01-01-01-07,so_h,145,145,100.0,
85,2022,02-01-02-07,tl,145,145,100.0,
85,2022,02-01-02-07,tsmin,145,0,0.0,
85,2022,02-01-02-07,sh,145,0,0.0,
85,2022,02-01-02-07,rr,145,142,97.93,
85,2022,02-01-02-07,so_h,145,145,100.0,
7,1973,01-01-01-07,tl,145,0,0.0,
7,1973,01-01-01-07,tsmin,145,0,0.0,
7,1973,01-01-01-07,sh,145,0,0.0,
7,1973,01-01-01-07,rr,145,0,0.0,
7,1973,01-01-01-07,so_h,145,145,100.0,
7,1973,02-01-02-07,tl,145,0,0.0,
7,1973,02-01-02-07,tsmin,145,0,0.0,
7,1973,02-01-02-07,sh,145,0,0.0,
7,1973,02-01-02-07,rr,145,0,0.0,
7,1973,02-01-02-07,so_h,145,145,100.0,
7,1980,01-01-01-07,tl,145,0,0.0,
7,1980,01-01-01-07,tsmin,145,0,0.0,
7,1980,01-01-01-07,sh,145,0,0.0,
7,1980,01-01-01-07,rr,145,0,0.0,
7,1980,01-01-01-07,so_h,145,145,100.0,
7,1980,02-01-02-07,tl,145,0,0.0,
7,1980,02-01-02-07,tsmin,145,0,0.0,
7,1980,02-01-02-07,sh,145,0,0.0,
7,1980,02-01-02-07,rr,145,0,0.0,
7,1980,02-01-02-07,so_h,145,145,100.0,
7,1990,01-01-01-07,tl,145,0,0.0,
7,1990,01-01-01-07,tsmin,145,0,0.0,
7,1990,01-01-01-07,sh,145,0,0.0,
7,1990,01-01-01-07,rr,145,0,0.0,
7,1990,01-01-01-07,so_h,145,33,22.76,
7,1990,02-01-02-07,tl,145,0,0.0,
7,1990,02-01-02-07,tsmin,145,0,0.0,
7,1990,02-01-02-07,sh,145,0,0.0,
7,1990,02-01-02-07,rr,145,0,0.0,
7,1990,02-01-02-07,so_h,145,145,100.0,
7,2000,01-01-01-07,tl,145,0,0.0,
7,2000,01-01-01-07,tsmin,145,0,0.0,
7,2000,01-01-01-07,sh,145,0,0.0,
7,2000,01-01-01-07,rr,145,0,0.0,
7,2000,01-01-01-07,so_h,145,145,100.0,
7,2000,02-01-02-07,tl,145,0,0.0,
7,2000,02-01-02-07,tsmin,145,0,0.0,
7,2000,02-01-02-07,sh,145,0,0.0,
7,2000,02-01-02-07,rr,145,0,0.0,
7,2000,02-01-02-07,so_h,145,145,100.0,
7,2010,01-01-01-07,tl,145,145,100.0,
7,2010,01-01-01-07,tsmin,145,145,100.0,
7,2010,01-01-01-07,sh,145,0,0.0,
7,2010,01-01-01-07,rr,145,145,100.0,
7,2010,01-01-01-07,so_h,145,145,100.0,
7,2010,02-01-02-07,tl,145,145,100.0,
7,2010,02-01-02-07,tsmin,145,145,100.0,
7,2010,02-01-02-07,sh,145,0,0.0,
7,2010,02-01-02-07,rr,145,143,98.62,
7,2010,02-01-02-07,so_h,145,145,100.0,
7,2022,01-01-01-07,tl,145,145,100.0,
7,2022,01-01-01-07,tsmin,145,0,0.0,
7,2022,01-01-01-07,sh,145,0,0.0,
7,2022,01-01-01-07,rr,145,145,100.0,
7,2022,01-01-01-07,so_h,145,145,100.0,
7,2022,02-01-02-07,tl,145,145,100.0,
7,2022,02-01-02-07,tsmin,145,0,0.0,
7,2022,02-01-02-07,sh,145,0,0.0,
7,2022,02-01-02-07,rr,145,145,100.0,
7,2022,02-01-02-07,so_h,145,145,100.0,
30,1973,01-01-01-07,tl,145,0,0.0,
30,1973,01-01-01-07,tsmin,145,0,0.0,
30,1973,01-01-01-07,sh,145,0,0.0,
30,1973,01-01-01-07,rr,145,0,0.0,
30,1973,01-01-01-07,so_h,145,145,100.0,
30,1973,02-01-02-07,tl,145,0,0.0,
30,1973,02-01-02-07,tsmin,145,0,0.0,
30,1973,02-01-02-07,sh,145,0,0.0,
30,1973,02-01-02-07,rr,145,0,0.0,
30,1973,02-01-02-07,so_h,145,145,100.0,
30,1980,01-01-01-07,tl,145,0,0.0,
30,1980,01-01-01-07,tsmin,145,0,0.0,
30,1980,01-01-01-07,sh,145,0,0.0,
30,1980,01-01-01-07,rr,145,0,0.0,
30,1980,01-01-01-07,so_h,145,145,100.0,
30,1980,02-01-02-07,tl,145,0,0.0,
30,1980,02-01-02-07,tsmin,145,0,0.0,
30,1980,02-01-02-07,sh,145,0,0.0,
30,1980,02-01-02-07,rr,145,0,0.0,
30,1980,02-01-02-07,so_h,145,145,100.0,
30,1990,01-01-01-07,tl,145,145,100.0,
30,1990,01-01-01-07,tsmin,145,0,0.0,
30,1990,01-01-01-07,sh,145,0,0.0,
30,1990,01-01-01-07,rr,145,145,100.0,
30,1990,01-01-01-07,so_h,145,145,100.0,
30,1990,02-01-02-07,tl,145,145,100.0,
30,1990,02-01-02-07,tsmin,145,0,0.0,
30,1990,02-01-02-07,sh,145,0,0.0,
30,1990,02-01-02-07,rr,145,145,100.0,
30,1990,02-01-02-07,so_h,145,145,100.0,
30,2000,01-01-01-07,tl,145,145,100.0,
30,2000,01-01-01-07,tsmin,145,0,0.0,
30,2000,01-01-01-07,sh,145,0,0.0,
30,2000,01-01-01-07,rr,145,145,100.0,
30,2000,01-01-01-07,so_h,145,145,100.0,
30,2000,02-01-02-07,tl,145,145,100.0,
30,2000,02-01-02-07,tsmin,145,0,0.0,
30,2000,02-01-02-07,sh,145,0,0.0,
30,2000,02-01-02-07,rr,145,145,100.0,
30,2000,02-01-02-07,so_h,145,145,100.0,
30,2010,01-01-01-07,tl,145,145,100.0,
30,2010,01-01-01-07,tsmin,145,145,100.0,
30,2010,01-01-01-07,sh,145,0,0.0,
30,2010,01-01-01-07,rr,145,145,100.0,
30,2010,01-01-01-07,so_h,145,145,100.0,
30,2010,02-01-02-07,tl,145,145,100.0,
30,2010,02-01-02-07,tsmin,145,145,100.0,
30,2010,02-01-02-07,sh,145,0,0.0,
30,2010,02-01-02-07,rr,145,145,100.0,
30,2010,02-01-02-07,so_h,145,145,100.0,
30,2022,01-01-01-07,tl,145,145,100.0,
30,2022,01-01-01-07,tsmin,145,145,100.0,
30,2022,01-01-01-07,sh,145,0,0.0,
30,2022,01-01-01-07,rr,145,145,100.0,
30,2022,01-01-01-07,so_h,145,145,100.0,
30,2022,02-01-02-07,tl,145,145,100.0,
30,2022,02-01-02-07,tsmin,145,145,100.0,
30,2022,02-01-02-07,sh,145,0,0.0,
30,2022,02-01-02-07,rr,145,145,100.0,
30,2022,02-01-02-07,so_h,145,145,100.0,
17,1973,01-01-01-07,tl,145,0,0.0,
17,1973,01-01-01-07,tsmin,145,0,0.0,
17,1973,01-01-01-07,sh,145,0,0.0,
17,1973,01-01-01-07,rr,145,0,0.0,
17,1973,01-01-01-07,so_h,145,145,100.0,
17,1973,02-01-02-07,tl,145,0,0.0,
17,1973,02-01-02-07,tsmin,145,0,0.0,
17,1973,02-01-02-07,sh,145,0,0.0,
17,1973,02-01-02-07,rr,145,0,0.0,
17,1973,02-01-02-07,so_h,145,145,100.0,
17,1980,01-01-01-07,tl,145,0,0.0,
17,1980,01-01-01-07,tsmin,145,0,0.0,
17,1980,01-01-01-07,sh,145,0,0.0,
17,1980,01-01-01-07,rr,145,0,0.0,
17,1980,01-01-01-07,so_h,145,0,0.0,
17,1980,02-01-02-07,tl,145,0,0.0,
17,1980,02-01-02-07,tsmin,145,0,0.0,
17,1980,02-01-02-07,sh,145,0,0.0,
17,1980,02-01-02-07,rr,145,0,0.0,
17,1980,02-01-02-07,so_h,145,0,0.0,
17,1990,01-01-01-07,tl,145,0,0.0,
17,1990,01-01-01-07,tsmin,145,0,0.0,
17,1990,01-01-01-07,sh,145,0,0.0,
17,1990,01-01-01-07,rr,145,0,0.0,
17,1990,01-01-01-07,so_h,145,0,0.0,
17,1990,02-01-02-07,tl,145,0,0.0,
17,1990,02-01-02-07,tsmin,145,0,0.0,
17,1990,02-01-02-07,sh,145,0,0.0,
17,1990,02-01-02-07,rr,145,0,0.0,
17,1990,02-01-02-07,so_h,145,0,0.0,
17,2000,01-01-01-07,tl,145,0,0.0,
17,2000,01-01-01-07,tsmin,145,0,0.0,
17,2000,01-01-01-07,sh,145,0,0.0,
17,2000,01-01-01-07,rr,145,0,0.0,
17,2000,01-01-01-07,so_h,145,0,0.0,
17,2000,02-01-02-07,tl,145,0,0.0,
17,2000,02-01-02-07,tsmin,145,0,0.0,
17,2000,02-01-02-07,sh,145,0,0.0,
17,2000,02-01-02-07,rr,145,0,0.0,
17,2000,02-01-02-07,so_h,145,0,0.0,
17,2010,01-01-01-07,tl,145,145,100.0,
17,2010,01-01-01-07,tsmin,145,89,61.38,
17,2010,01-01-01-07,sh,145,0,0.0,
17,2010,01-01-01-07,rr,145,89,61.38,
17,2010,01-01-01-07,so_h,145,95,65.52,
17,2010,02-01-02-07,tl,145,145,100.0,
17,2010,02-01-02-07,tsmin,145,145,100.0,
17,2010,02-01-02-07,sh,145,0,0.0,
17,2010,02-01-02-07,rr,145,145,100.0,
17,2010,02-01-02-07,so_h,145,145,100.0,
17,2022,01-01-01-07,tl,145,145,100.0,
17,2022,01-01-01-07,tsmin,145,145,100.0,
17,2022,01-01-01-07,sh,145,145,100.0,
17,2022,01-01-01-07,rr,145,145,100.0,
17,2022,01-01-01-07,so_h,145,145,100.0,
17,2022,02-01-02-07,tl,145,145,100.0,
17,2022,02-01-02-07,tsmin,145,145,100.0,
17,2022,02-01-02-07,sh,145,145,100.0,
17,2022,02-01-02-07,rr,145,145,100.0,
17,2022,02-01-02-07,so_h,145,145,100.0,
8,1973,01-01-01-07,tl,145,0,0.0,
8,1973,01-01-01-07,tsmin,145,0,0.0,
8,1973,01-01-01-07,sh,145,0,0.0,
8,1973,01-01-01-07,rr,145,0,0.0,
8,1973,01-01-01-07,so_h,145,145,100.0,
8,1973,02-01-02-07,tl,145,0,0.0,
8,1973,02-01-02-07,tsmin,145,0,0.0,
8,1973,02-01-02-07,sh,145,0,0.0,
8,1973,02-01-02-07,rr,145,0,0.0,
8,1973,02-01-02-07,so_h,145,145,100.0,
8,1980,01-01-01-07,tl,145,0,0.0,
8,1980,01-01-01-07,tsmin,145,0,0.0,
8,1980,01-01-01-07,sh,145,0,0.0,
8,1980,01-01-01-07,rr,145,0,0.0,
8,1980,01-01-01-07,so_h,145,145,100.0,
8,1980,02-01-02-07,tl,145,0,0.0,
8,1980,02-01-02-07,tsmin,145,0,0.0,
8,1980,02-01-02-07,sh,145,0,0.0,
8,1980,02-01-02-07,rr,145,0,0.0,
8,1980,02-01-02-07,so_h,145,145,100.0,
8,1990,01-01-01-07,tl,145,0,0.0,
8,1990,01-01-01-07,tsmin,145,0,0.0,
8,1990,01-01-01-07,sh,145,0,0.0,
8,1990,01-01-01-07,rr,145,0,0.0,
8,1990,01-01-01-07,so_h,145,145,100.0,
8,1990,02-01-02-07,tl,145,0,0.0,
8,1990,02-01-02-07,tsmin,145,0,0.0,
8,1990,02-01-02-07,sh,145,0,0.0,
8,1990,02-01-02-07,rr,145,0,0.0,
8,1990,02-01-02-07,so_h,145,145,100.0,
8,2000,01-01-01-07,tl,145,0,0.0,
8,2000,01-01-01-07,tsmin,145,0,0.0,
8,2000,01-01-01-07,sh,145,0,0.0,
8,2000,01-01-01-07,rr,145,0,0.0,
8,2000,01-01-01-07,so_h,145,145,100.0,
8,2000,02-01-02-07,tl,145,0,0.0,
8,2000,02-01-02-07,tsmin,145,0,0.0,
8,2000,02-01-02-07,sh,145,0,0.0,
8,2000,02-01-02-07,rr,145,0,0.0,
8,2000,02-01-02-07,so_h,145,0,0.0,
8,2010,01-01-01-07,tl,145,145,100.0,
8,2010,01-01-01-07,tsmin,145,145,100.0,
8,2010,01-01-01-07,sh,145,0,0.0,
8,2010,01-01-01-07,rr,145,145,100.0,
8,2010,01-01-01-07,so_h,145,145,100.0,
8,2010,02-01-02-07,tl,145,145,100.0,
8,2010,02-01-02-07,tsmin,145,145,100.0,
8,2010,02-01-02-07,sh,145,0,0.0,
8,2010,02-01-02-07,rr,145,145,100.0,
8,2010,02-01-02-07,so_h,145,145,100.0,
8,2022,01-01-01-07,tl,145,145,100.0,
8,2022,01-01-01-07,tsmin,145,0,0.0,
8,2022,01-01-01-07,sh,145,0,0.0,
8,2022,01-01-01-07,rr,145,145,100.0,
8,2022,01-01-01-07,so_h,145,145,100.0,
8,2022,02-01-02-07,tl,145,145,100.0,
8,2022,02-01-02-07,tsmin,145,0,0.0,
8,2022,02-01-02-07,sh,145,0,0.0,
8,2022,02-01-02-07,rr,145,145,100.0,
8,2022,02-01-02-07,so_h,145,145,100.0,
39,1973,01-01-01-07,tl,145,0,0.0,
39,1973,01-01-01-07,tsmin,145,0,0.0,
39,1973,01-01-01-07,sh,145,0,0.0,
39,1973,01-01-01-07,rr,145,0,0.0,
39,1973,01-01-01-07,so_h,145,145,100.0,
39,1973,02-01-02-07,tl,145,0,0.0,
39,1973,02-01-02-07,tsmin,145,0,0.0,
39,1973,02-01-02-07,sh,145,0,0.0,
39,1973,02-01-02-07,rr,145,0,0.0,
39,1973,02-01-02-07,so_h,145,145,100.0,
39,1980,01-01-01-07,tl,145,0,0.0,
39,1980,01-01-01-07,tsmin,145,0,0.0,
39,1980,01-01-01-07,sh,145,0,0.0,
39,1980,01-01-01-07,rr,145,0,0.0,
39,1980,01-01-01-07,so_h,145,145,100.0,
39,1980,02-01-02-07,tl,145,0,0.0,
39,1980,02-01-02-07,tsmin,145,0,0.0,
39,1980,02-01-02-07,sh,145,0,0.0,
39,1980,02-01-02-07,rr,145,0,0.0,
39,1980,02-01-02-07,so_h,145,145,100.0,
39,1990,01-01-01-07,tl,145,145,100.0,
39,1990,01-01-01-07,tsmin,145,145,100.0,
39,1990,01-01-01-07,sh,145,0,0.0,
39,1990,01-01-01-07,rr,145,145,100.0,
39,1990,01-01-01-07,so_h,145,145,100.0,
39,1990,02-01-02-07,tl,145,129,88.97,
39,1990,02-01-02-07,tsmin,145,129,88.97,
39,1990,02-01-02-07,sh,145,0,0.0,
39,1990,02-01-02-07,rr,145,145,100.0,
39,1990,02-01-02-07,so_h,145,145,100.0,
39,2000,01-01-01-07,tl,145,145,100.0,
39,2000,01-01-01-07,tsmin,145,0,0.0,
39,2000,01-01-01-07,sh,145,0,0.0,
39,2000,01-01-01-07,rr,145,145,100.0,
39,2000,01-01-01-07,so_h,145,145,100.0,
39,2000,02-01-02-07,tl,145,143,98.62,
39,2000,02-01-02-07,tsmin,145,0,0.0,
39,2000,02-01-02-07,sh,145,0,0.0,
39,2000,02-01-02-07,rr,145,143,98.62,
39,2000,02-01-02-07,so_h,145,145,100.0,
39,2010,01-01-01-07,tl,145,145,100.0,
39,2010,01-01-01-07,tsmin,145,145,100.0,
39,2010,01-01-01-07,sh,145,0,0.0,
39,2010,01-01-01-07,rr,145,145,100.0,
39,2010,01-01-01-07,so_h,145,145,100.0,
39,2010,02-01-02-07,tl,145,145,100.0,
39,2010,02-01-02-07,tsmin,145,145,100.0,
39,2010,02-01-02-07,sh,145,0,0.0,
39,2010,02-01-02-07,rr,145,145,100.0,
39,2010,02-01-02-07,so_h,145,145,100.0,
39,2022,01-01-01-07,tl,145,145,100.0,
39,2022,01-01-01-07,tsmin,145,145,100.0,
39,2022,01-01-01-07,sh,145,0,0.0,
39,2022,01-01-01-07,rr,145,145,100.0,
39,2022,01-01-01-07,so_h,145,145,100.0,
39,2022,02-01-02-07,tl,145,145,100.0,
39,2022,02-01-02-07,tsmin,145,87,60.0,
39,2022,02-01-02-07,sh,145,0,0.0,
39,2022,02-01-02-07,rr,145,145,100.0,
39,2022,02-01-02-07,so_h,145,145,100.0,
55,1973,01-01-01-07,tl,145,0,0.0,
55,1973,01-01-01-07,tsmin,145,0,0.0,
55,1973,01-01-01-07,sh,145,0,0.0,
55,1973,01-01-01-07,rr,145,0,0.0,
55,1973,01-01-01-07,so_h,145,145,100.0,
55,1973,02-01-02-07,tl,145,0,0.0,
55,1973,02-01-02-07,tsmin,145,0,0.0,
55,1973,02-01-02-07,sh,145,0,0.0,
55,1973,02-01-02-07,rr,145,0,0.0,
55,1973,02-01-02-07,so_h,145,145,100.0,
55,1980,01-01-01-07,tl,145,0,0.0,
55,1980,01-01-01-07,tsmin,145,0,0.0,
55,1980,01-01-01-07,sh,145,0,0.0,
55,1980,01-01-01-07,rr,145,0,0.0,
55,1980,01-01-01-07,so_h,145,145,100.0,
55,1980,02-01-02-07,tl,145,0,0.0,
55,1980,02-01-02-07,tsmin,145,0,0.0,
55,1980,02-01-02-07,sh,145,0,0.0,
55,1980,02-01-02-07,rr,145,0,0.0,
55,1980,02-01-02-07,so_h,145,145,100.0,
55,1990,01-01-01-07,tl,145,145,100.0,
55,1990,01-01-01-07,tsmin,145,145,100.0,
55,1990,01-01-01-07,sh,145,0,0.0,
55,1990,01-01-01-07,rr,145,145,100.0,
55,1990,01-01-01-07,so_h,145,145,100.0,
55,1990,02-01-02-07,tl,145,145,100.0,
55,1990,02-01-02-07,tsmin,145,145,100.0,
55,1990,02-01-02-07,sh,145,0,0.0,
55,1990,02-01-02-07,rr,145,145,100.0,
55,1990,02-01-02-07,so_h,145,145,100.0,
55,2000,01-01-01-07,tl,145,145,100.0,
55,2000,01-01-01-07,tsmin,145,145,100.0,
55,2000,01-01-01-07,sh,145,0,0.0,
55,2000,01-01-01-07,rr,145,145,100.0,
55,2000,01-01-01-07,so_h,145,145,100.0,
55,2000,02-01-02-07,tl,145,145,100.0,
55,2000,02-01-02-07,tsmin,145,145,100.0,
55,2000,02-01-02-07,sh,145,0,0.0,
55,2000,02-01-02-07,rr,145,145,100.0,
55,2000,02-01-02-07,so_h,145,145,100.0,
55,2010,01-01-01-07,tl,145,145,100.0,
55,2010,01-01-01-07,tsmin,145,145,100.0,
55,2010,01-01-01-07,sh,145,0,0.0,
55,2010,01-01-01-07,rr,145,145,100.0,
55,2010,01-01-01-07,so_h,145,145,100.0,
55,2010,02-01-02-07,tl,145,145,100.0,
55,2010,02-01-02-07,tsmin,145,145,100.0,
55,2010,02-01-02-07,sh,145,0,0.0,
55,2010,02-01-02-07,rr,145,145,100.0,
55,2010,02-01-02-07,so_h,145,145,100.0,
55,2022,01-01-01-07,tl,145,145,100.0,
55,2022,01-01-01-07,tsmin,145,0,0.0,
55,2022,01-01-01-07,sh,145,145,100.0,
55,2022,01-01-01-07,rr,145,145,100.0,
55,2022,01-01-01-07,so_h,145,145,100.0,
55,2022,02-01-02-07,tl,145,145,100.0,
55,2022,02-01-02-07,tsmin,145,0,0.0,
55,2022,02-01-02-07,sh,145,145,100.0,
55,2022,02-01-02-07,rr,145,145,100.0,
55,2022,02-01-02-07,so_h,145,145,100.0,
142,1973,01-01-01-07,tl,145,0,0.0,
142,1973,01-01-01-07,tsmin,145,0,0.0,
142,1973,01-01-01-07,sh,145,0,0.0,
142,1973,01-01-01-07,rr,145,0,0.0,
142,1973,01-01-01-07,so_h,145,0,0.0,
142,1973,02-01-02-07,tl,145,0,0.0,
142,1973,02-01-02-07,tsmin,145,0,0.0,
142,1973,02-01-02-07,sh,145,0,0.0,
142,1973,02-01-02-07,rr,145,0,0.0,
142,1973,02-01-02-07,so_h,145,0,0.0,
142,1980,01-01-01-07,tl,145,0,0.0,
142,1980,01-01-01-07,tsmin,145,0,0.0,
142,1980,01-01-01-07,sh,145,0,0.0,
142,1980,01-01-01-07,rr,145,0,0.0,
142,1980,01-01-01-07,so_h,145,0,0.0,
142,1980,02-01-02-07,tl,145,0,0.0,
142,1980,02-01-02-07,tsmin,145,0,0.0,
142,1980,02-01-02-07,sh,145,0,0.0,
142,1980,02-01-02-07,rr,145,0,0.0,
142,1980,02-01-02-07,so_h,145,0,0.0,
142,1990,01-01-01-07,tl,145,0,0.0,
142,1990,01-01-01-07,tsmin,145,0,0.0,
142,1990,01-01-01-07,sh,145,0,0.0,
142,1990,01-01-01-07,rr,145,0,0.0,
142,1990,01-01-01-07,so_h,145,0,0.0,
142,1990,02-01-02-07,tl,145,0,0.0,
142,1990,02-01-02-07,tsmin,145,0,0.0,
142,1990,02-01-02-07,sh,145,0,0.0,
142,1990,02-01-02-07,rr,145,0,0.0,
142,1990,02-01-02-07,so_h,145,0,0.0,
142,2000,01-01-01-07,tl,145,0,0.0,
142,2000,01-01-01-07,tsmin,145,0,0.0,
142,2000,01-01-01-07,sh,145,0,0.0,
142,2000,01-01-01-07,rr,145,0,0.0,
142,2000,01-01-01-07,so_h,145,0,0.0,
142,2000,02-01-02-07,tl,145,0,0.0,
142,2000,02-01-02-07,tsmin,145,0,0.0,
142,2000,02-01-02-07,sh,145,0,0.0,
142,2000,02-01-02-07,rr,145,0,0.0,
142,2000,02-01-02-07,so_h,145,0,0.0,
142,2010,01-01-01-07,tl,145,145,100.0,
142,2010,01-01-01-07,tsmin,145,0,0.0,
142,2010,01-01-01-07,sh,145,0,0.0,
142,2010,01-01-01-07,rr,145,145,100.0,
142,2010,01-01-01-07,so_h,145,145,100.0,
142,2010,02-01-02-07,tl,145,145,100.0,
142,2010,02-01-02-07,tsmin,145,0,0.0,
142,2010,02-01-02-07,sh,145,0,0.0,
142,2010,02-01-02-07,rr,145,145,100.0,
142,2010,02-01-02-07,so_h,145,145,100.0,
142,2022,01-01-01-07,tl,145,145,100.0,
142,2022,01-01-01-07,tsmin,145,145,100.0,
142,2022,01-01-01-07,sh,145,145,100.0,
142,2022,01-01-01-07,rr,145,145,100.0,
142,2022,01-01-01-07,so_h,145,145,100.0,
142,2022,02-01-02-07,tl,145,145,100.0,
142,2022,02-01-02-07,tsmin,145,145,100.0,
142,2022,02-01-02-07,sh,145,145,100.0,
142,2022,02-01-02-07,rr,145,145,100.0,
142,2022,02-01-02-07,so_h,145,145,100.0,
24,1973,01-01-01-07,tl,145,145,100.0,
24,1973,01-01-01-07,tsmin,145,0,0.0,
24,1973,01-01-01-07,sh,145,0,0.0,
24,1973,01-01-01-07,rr,145,0,0.0,
24,1973,01-01-01-07,so_h,145,145,100.0,
24,1973,02-01-02-07,tl,145,145,100.0,
24,1973,02-01-02-07,tsmin,145,0,0.0,
24,1973,02-01-02-07,sh,145,0,0.0,
24,1973,02-01-02-07,rr,145,0,0.0,
24,1973,02-01-02-07,so_h,145,145,100.0,
24,1980,01-01-01-07,tl,145,145,100.0,
24,1980,01-01-01-07,tsmin,145,0,0.0,
24,1980,01-01-01-07,sh,145,0,0.0,
24,1980,01-01-01-07,rr,145,0,0.0,
24,1980,01-01-01-07,so_h,145,145,100.0,
24,1980,02-01-02-07,tl,145,145,100.0,
24,1980,02-01-02-07,tsmin,145,0,0.0,
24,1980,02-01-02-07,sh,145,0,0.0,
24,1980,02-01-02-07,rr,145,0,0.0,
24,1980,02-01-02-07,so_h,145,145,100.0,
24,1990,01-01-01-07,tl,145,145,100.0,
24,1990,01-01-01-07,tsmin,145,0,0.0,
24,1990,01-01-01-07,sh,145,0,0.0,
24,1990,01-01-01-07,rr,145,0,0.0,
24,1990,01-01-01-07,so_h,145,145,100.0,
24,1990,02-01-02-07,tl,145,145,100.0,
24,1990,02-01-02-07,tsmin,145,0,0.0,
24,1990,02-01-02-07,sh,145,0,0.0,
24,1990,02-01-02-07,rr,145,0,0.0,
24,1990,02-01-02-07,so_h,145,145,100.0,
24,2000,01-01-01-07,tl,145,145,100.0,
24,2000,01-01-01-07,tsmin,145,145,100.0,
24,2000,01-01-01-07,sh,145,0,0.0,
24,2000,01-01-01-07,rr,145,145,100.0,
24,2000,01-01-01-07,so_h,145,145,100.0,
24,2000,02-01-02-07,tl,145,145,100.0,
24,2000,02-01-02-07,tsmin,145,145,100.0,
24,2000,02-01-02-07,sh,145,0,0.0,
24,2000,02-01-02-07,rr,145,145,100.0,
24,2000,02-01-02-07,so_h,145,145,100.0,
24,2010,01-01-01-07,tl,145,145,100.0,
24,2010,01-01-01-07,tsmin,145,145,100.0,
24,2010,01-01-01-07,sh,145,0,0.0,
24,2010,01-01-01-07,rr,145,145,100.0,
24,2010,01-01-01-07,so_h,145,145,100.0,
24,2010,02-01-02-07,tl,145,145,100.0,
24,2010,02-01-02-07,tsmin,145,145,100.0,
24,2010,02-01-02-07,sh,145,0,0.0,
24,2010,02-01-02-07,rr,145,145,100.0,
24,2010,02-01-02-07,so_h,145,145,100.0,
24,2022,01-01-01-07,tl,145,145,100.0,
24,2022,01-01-01-07,tsmin,145,145,100.0,
24,2022,01-01-01-07,sh,145,0,0.0,
24,2022,01-01-01-07,rr,145,145,100.0,
24,2022,01-01-01-07,so_h,145,145,100.0,
24,2022,02-01-02-07,tl,145,145,100.0,
24,2022,02-01-02-07,tsmin,145,145,100.0,
24,2022,02-01-02-07,sh,145,0,0.0,
24,2022,02-01-02-07,rr,145,145,100.0,
24,2022,02-01-02-07,so_h,145,145,100.0,
15,1973,01-01-01-07,ALL,0,0,0.0,"429 Client Error: Too Many Requests for url: https://dataset.api.hub.geosphere.at/v1/station/historical/klima-v2-1h?start=1973-01-01&end=1973-01-07&station_ids=15&parameters=tl,tsmin,sh,rr,so_h"
15,1973,02-01-02-07,ALL,0,0,0.0,"429 Client Error: Too Many Requests for url: https://dataset.api.hub.geosphere.at/v1/station/historical/klima-v2-1h?start=1973-02-01&end=1973-02-07&station_ids=15&parameters=tl,tsmin,sh,rr,so_h"
15,1980,01-01-01-07,ALL,0,0,0.0,"429 Client Error: Too Many Requests for url: https://dataset.api.hub.geosphere.at/v1/station/historical/klima-v2-1h?start=1980-01-01&end=1980-01-07&station_ids=15&parameters=tl,tsmin,sh,rr,so_h"
15,1980,02-01-02-07,ALL,0,0,0.0,"429 Client Error: Too Many Requests for url: https://dataset.api.hub.geosphere.at/v1/station/historical/klima-v2-1h?start=1980-02-01&end=1980-02-07&station_ids=15&parameters=tl,tsmin,sh,rr,so_h"
15,1990,01-01-01-07,ALL,0,0,0.0,"429 Client Error: Too Many Requests for url: https://dataset.api.hub.geosphere.at/v1/station/historical/klima-v2-1h?start=1990-01-01&end=1990-01-07&station_ids=15&parameters=tl,tsmin,sh,rr,so_h"
15,1990,02-01-02-07,ALL,0,0,0.0,"429 Client Error: Too Many Requests for url: https://dataset.api.hub.geosphere.at/v1/station/historical/klima-v2-1h?start=1990-02-01&end=1990-02-07&station_ids=15&parameters=tl,tsmin,sh,rr,so_h"
15,2000,01-01-01-07,ALL,0,0,0.0,"429 Client Error: Too Many Requests for url: https://dataset.api.hub.geosphere.at/v1/station/historical/klima-v2-1h?start=2000-01-01&end=2000-01-07&station_ids=15&parameters=tl,tsmin,sh,rr,so_h"
15,2000,02-01-02-07,ALL,0,0,0.0,"429 Client Error: Too Many Requests for url: https://dataset.api.hub.geosphere.at/v1/station/historical/klima-v2-1h?start=2000-02-01&end=2000-02-07&station_ids=15&parameters=tl,tsmin,sh,rr,so_h"
15,2010,01-01-01-07,ALL,0,0,0.0,"429 Client Error: Too Many Requests for url: https://dataset.api.hub.geosphere.at/v1/station/historical/klima-v2-1h?start=2010-01-01&end=2010-01-07&station_ids=15&parameters=tl,tsmin,sh,rr,so_h"
15,2010,02-01-02-07,ALL,0,0,0.0,"429 Client Error: Too Many Requests for url: https://dataset.api.hub.geosphere.at/v1/station/historical/klima-v2-1h?start=2010-02-01&end=2010-02-07&station_ids=15&parameters=tl,tsmin,sh,rr,so_h"
15,2022,01-01-01-07,ALL,0,0,0.0,"429 Client Error: Too Many Requests for url: https://dataset.api.hub.geosphere.at/v1/station/historical/klima-v2-1h?start=2022-01-01&end=2022-01-07&station_ids=15&parameters=tl,tsmin,sh,rr,so_h"
15,2022,02-01-02-07,ALL,0,0,0.0,"429 Client Error: Too Many Requests for url: https://dataset.api.hub.geosphere.at/v1/station/historical/klima-v2-1h?start=2022-02-01&end=2022-02-07&station_ids=15&parameters=tl,tsmin,sh,rr,so_h"
105,1973,01-01-01-07,ALL,0,0,0.0,"429 Client Error: Too Many Requests for url: https://dataset.api.hub.geosphere.at/v1/station/historical/klima-v2-1h?start=1973-01-01&end=1973-01-07&station_ids=105&parameters=tl,tsmin,sh,rr,so_h"
105,1973,02-01-02-07,ALL,0,0,0.0,"429 Client Error: Too Many Requests for url: https://dataset.api.hub.geosphere.at/v1/station/historical/klima-v2-1h?start=1973-02-01&end=1973-02-07&station_ids=105&parameters=tl,tsmin,sh,rr,so_h"
105,1980,01-01-01-07,ALL,0,0,0.0,"429 Client Error: Too Many Requests for url: https://dataset.api.hub.geosphere.at/v1/station/historical/klima-v2-1h?start=1980-01-01&end=1980-01-07&station_ids=105&parameters=tl,tsmin,sh,rr,so_h"
105,1980,02-01-02-07,ALL,0,0,0.0,"429 Client Error: Too Many Requests for url: https://dataset.api.hub.geosphere.at/v1/station/historical/klima-v2-1h?start=1980-02-01&end=1980-02-07&station_ids=105&parameters=tl,tsmin,sh,rr,so_h"
105,1990,01-01-01-07,ALL,0,0,0.0,"429 Client Error: Too Many Requests for url: https://dataset.api.hub.geosphere.at/v1/station/historical/klima-v2-1h?start=1990-01-01&end=1990-01-07&station_ids=105&parameters=tl,tsmin,sh,rr,so_h"
105,1990,02-01-02-07,ALL,0,0,0.0,"429 Client Error: Too Many Requests for url: https://dataset.api.hub.geosphere.at/v1/station/historical/klima-v2-1h?start=1990-02-01&end=1990-02-07&station_ids=105&parameters=tl,tsmin,sh,rr,so_h"
105,2000,01-01-01-07,ALL,0,0,0.0,"429 Client Error: Too Many Requests for url: https://dataset.api.hub.geosphere.at/v1/station/historical/klima-v2-1h?start=2000-01-01&end=2000-01-07&station_ids=105&parameters=tl,tsmin,sh,rr,so_h"
105,2000,02-01-02-07,ALL,0,0,0.0,"429 Client Error: Too Many Requests for url: https://dataset.api.hub.geosphere.at/v1/station/historical/klima-v2-1h?start=2000-02-01&end=2000-02-07&station_ids=105&parameters=tl,tsmin,sh,rr,so_h"
105,2010,01-01-01-07,ALL,0,0,0.0,"429 Client Error: Too Many Requests for url: https://dataset.api.hub.geosphere.at/v1/station/historical/klima-v2-1h?start=2010-01-01&end=2010-01-07&station_ids=105&parameters=tl,tsmin,sh,rr,so_h"
105,2010,02-01-02-07,ALL,0,0,0.0,"429 Client Error: Too Many Requests for url: https://dataset.api.hub.geosphere.at/v1/station/historical/klima-v2-1h?start=2010-02-01&end=2010-02-07&station_ids=105&parameters=tl,tsmin,sh,rr,so_h"
105,2022,01-01-01-07,ALL,0,0,0.0,"429 Client Error: Too Many Requests for url: https://dataset.api.hub.geosphere.at/v1/station/historical/klima-v2-1h?start=2022-01-01&end=2022-01-07&station_ids=105&parameters=tl,tsmin,sh,rr,so_h"
105,2022,02-01-02-07,ALL,0,0,0.0,"429 Client Error: Too Many Requests for url: https://dataset.api.hub.geosphere.at/v1/station/historical/klima-v2-1h?start=2022-02-01&end=2022-02-07&station_ids=105&parameters=tl,tsmin,sh,rr,so_h"
106,1973,01-01-01-07,ALL,0,0,0.0,"429 Client Error: Too Many Requests for url: https://dataset.api.hub.geosphere.at/v1/station/historical/klima-v2-1h?start=1973-01-01&end=1973-01-07&station_ids=106&parameters=tl,tsmin,sh,rr,so_h"
106,1973,02-01-02-07,ALL,0,0,0.0,"429 Client Error: Too Many Requests for url: https://dataset.api.hub.geosphere.at/v1/station/historical/klima-v2-1h?start=1973-02-01&end=1973-02-07&station_ids=106&parameters=tl,tsmin,sh,rr,so_h"
106,1980,01-01-01-07,ALL,0,0,0.0,"429 Client Error: Too Many Requests for url: https://dataset.api.hub.geosphere.at/v1/station/historical/klima-v2-1h?start=1980-01-01&end=1980-01-07&station_ids=106&parameters=tl,tsmin,sh,rr,so_h"
106,1980,02-01-02-07,ALL,0,0,0.0,"429 Client Error: Too Many Requests for url: https://dataset.api.hub.geosphere.at/v1/station/historical/klima-v2-1h?start=1980-02-01&end=1980-02-07&station_ids=106&parameters=tl,tsmin,sh,rr,so_h"
106,1990,01-01-01-07,ALL,0,0,0.0,"429 Client Error: Too Many Requests for url: https://dataset.api.hub.geosphere.at/v1/station/historical/klima-v2-1h?start=1990-01-01&end=1990-01-07&station_ids=106&parameters=tl,tsmin,sh,rr,so_h"
106,1990,02-01-02-07,ALL,0,0,0.0,"429 Client Error: Too Many Requests for url: https://dataset.api.hub.geosphere.at/v1/station/historical/klima-v2-1h?start=1990-02-01&end=1990-02-07&station_ids=106&parameters=tl,tsmin,sh,rr,so_h"
106,2000,01-01-01-07,ALL,0,0,0.0,"429 Client Error: Too Many Requests for url: https://dataset.api.hub.geosphere.at/v1/station/historical/klima-v2-1h?start=2000-01-01&end=2000-01-07&station_ids=106&parameters=tl,tsmin,sh,rr,so_h"
106,2000,02-01-02-07,ALL,0,0,0.0,"429 Client Error: Too Many Requests for url: https://dataset.api.hub.geosphere.at/v1/station/historical/klima-v2-1h?start=2000-02-01&end=2000-02-07&station_ids=106&parameters=tl,tsmin,sh,rr,so_h"
106,2010,01-01-01-07,ALL,0,0,0.0,"429 Client Error: Too Many Requests for url: https://dataset.api.hub.geosphere.at/v1/station/historical/klima-v2-1h?start=2010-01-01&end=2010-01-07&station_ids=106&parameters=tl,tsmin,sh,rr,so_h"
106,2010,02-01-02-07,ALL,0,0,0.0,"429 Client Error: Too Many Requests for url: https://dataset.api.hub.geosphere.at/v1/station/historical/klima-v2-1h?start=2010-02-01&end=2010-02-07&station_ids=106&parameters=tl,tsmin,sh,rr,so_h"
106,2022,01-01-01-07,ALL,0,0,0.0,"429 Client Error: Too Many Requests for url: https://dataset.api.hub.geosphere.at/v1/station/historical/klima-v2-1h?start=2022-01-01&end=2022-01-07&station_ids=106&parameters=tl,tsmin,sh,rr,so_h"
106,2022,02-01-02-07,ALL,0,0,0.0,"429 Client Error: Too Many Requests for url: https://dataset.api.hub.geosphere.at/v1/station/historical/klima-v2-1h?start=2022-02-01&end=2022-02-07&station_ids=106&parameters=tl,tsmin,sh,rr,so_h"
107,1973,01-01-01-07,ALL,0,0,0.0,"429 Client Error: Too Many Requests for url: https://dataset.api.hub.geosphere.at/v1/station/historical/klima-v2-1h?start=1973-01-01&end=1973-01-07&station_ids=107&parameters=tl,tsmin,sh,rr,so_h"
107,1973,02-01-02-07,ALL,0,0,0.0,"429 Client Error: Too Many Requests for url: https://dataset.api.hub.geosphere.at/v1/station/historical/klima-v2-1h?start=1973-02-01&end=1973-02-07&station_ids=107&parameters=tl,tsmin,sh,rr,so_h"
107,1980,01-01-01-07,ALL,0,0,0.0,"429 Client Error: Too Many Requests for url: https://dataset.api.hub.geosphere.at/v1/station/historical/klima-v2-1h?start=1980-01-01&end=1980-01-07&station_ids=107&parameters=tl,tsmin,sh,rr,so_h"
107,1980,02-01-02-07,ALL,0,0,0.0,"429 Client Error: Too Many Requests for url: https://dataset.api.hub.geosphere.at/v1/station/historical/klima-v2-1h?start=1980-02-01&end=1980-02-07&station_ids=107&parameters=tl,tsmin,sh,rr,so_h"
107,1990,01-01-01-07,ALL,0,0,0.0,"429 Client Error: Too Many Requests for url: https://dataset.api.hub.geosphere.at/v1/station/historical/klima-v2-1h?start=1990-01-01&end=1990-01-07&station_ids=107&parameters=tl,tsmin,sh,rr,so_h"
107,1990,02-01-02-07,ALL,0,0,0.0,"429 Client Error: Too Many Requests for url: https://dataset.api.hub.geosphere.at/v1/station/historical/klima-v2-1h?start=1990-02-01&end=1990-02-07&station_ids=107&parameters=tl,tsmin,sh,rr,so_h"
107,2000,01-01-01-07,ALL,0,0,0.0,"429 Client Error: Too Many Requests for url: https://dataset.api.hub.geosphere.at/v1/station/historical/klima-v2-1h?start=2000-01-01&end=2000-01-07&station_ids=107&parameters=tl,tsmin,sh,rr,so_h"
107,2000,02-01-02-07,ALL,0,0,0.0,"429 Client Error: Too Many Requests for url: https://dataset.api.hub.geosphere.at/v1/station/historical/klima-v2-1h?start=2000-02-01&end=2000-02-07&station_ids=107&parameters=tl,tsmin,sh,rr,so_h"
107,2010,01-01-01-07,ALL,0,0,0.0,"429 Client Error: Too Many Requests for url: https://dataset.api.hub.geosphere.at/v1/station/historical/klima-v2-1h?start=2010-01-01&end=2010-01-07&station_ids=107&parameters=tl,tsmin,sh,rr,so_h"
107,2010,02-01-02-07,ALL,0,0,0.0,"429 Client Error: Too Many Requests for url: https://dataset.api.hub.geosphere.at/v1/station/historical/klima-v2-1h?start=2010-02-01&end=2010-02-07&station_ids=107&parameters=tl,tsmin,sh,rr,so_h"
107,2022,01-01-01-07,ALL,0,0,0.0,"429 Client Error: Too Many Requests for url: https://dataset.api.hub.geosphere.at/v1/station/historical/klima-v2-1h?start=2022-01-01&end=2022-01-07&station_ids=107&parameters=tl,tsmin,sh,rr,so_h"
107,2022,02-01-02-07,ALL,0,0,0.0,"429 Client Error: Too Many Requests for url: https://dataset.api.hub.geosphere.at/v1/station/historical/klima-v2-1h?start=2022-02-01&end=2022-02-07&station_ids=107&parameters=tl,tsmin,sh,rr,so_h"
