"SA_Datum","Sum(SA_Nächtigungen)"
"1974-01-01",5581626
"1974-02-01",5580351
"1974-03-01",5994098
"1974-04-01",4843727
"1974-05-01",4083886
"1974-06-01",9111958
"1974-07-01",21202790
"1974-08-01",24803977
"1974-09-01",9461435
"1974-10-01",2568584
"1974-11-01",1215196
"1974-12-01",5258506
"1975-01-01",6296934
"1975-02-01",6498262
"1975-03-01",8513206
"1975-04-01",3336488
"1975-05-01",4809328
"1975-06-01",9446767
"1975-07-01",24949936
"1975-08-01",22923048
"1975-09-01",8875202
"1975-10-01",2723754
"1975-11-01",1236795
"1975-12-01",5782258
"1976-01-01",6945092
"1976-02-01",7283543
"1976-03-01",6407335
"1976-04-01",5240361
"1976-05-01",4225927
"1976-06-01",9871341
"1976-07-01",23977697
"1976-08-01",22133849
"1976-09-01",9050150
"1976-10-01",2850000
"1976-11-01",1252049
"1976-12-01",5294998
"1977-01-01",7634971
"1977-02-01",7905493
"1977-03-01",6856720
"1977-04-01",5287386
"1977-05-01",4700974
"1977-06-01",10106491
"1977-07-01",23277715
"1977-08-01",20967513
"1977-09-01",8492968
"1977-10-01",3061405
"1977-11-01",1338749
"1977-12-01",5560137
"1978-01-01",8481689
"1978-02-01",8290662
"1978-03-01",10064355
"1978-04-01",3101374
"1978-05-01",5341878
"1978-06-01",9019707
"1978-07-01",22649263
"1978-08-01",22067724
"1978-09-01",8796999
"1978-10-01",3095467
"1978-11-01",1433061
"1978-12-01",6009280
"1979-01-01",8777230
"1979-02-01",8498327
"1979-03-01",6744278
"1979-04-01",5985356
"1979-05-01",4659976
"1979-06-01",10174228
"1979-07-01",23411054
"1979-08-01",23419446
"1979-09-01",9609616
"1979-10-01",3520195
"1979-11-01",1604171
"1979-12-01",6161986
"1980-01-01",8521905
"1980-02-01",9501815
"1980-03-01",7914099
"1980-04-01",6093622
"1980-05-01",5609707
"1980-06-01",10726643
"1980-07-01",23616644
"1980-08-01",23791511
"1980-09-01",10689845
"1980-10-01",3791627
"1980-11-01",1527951
"1980-12-01",6961003
"1981-01-01",9623620
"1981-02-01",9563003
"1981-03-01",8820020
"1981-04-01",6606487
"1981-05-01",5102585
"1981-06-01",10444903
"1981-07-01",22451662
"1981-08-01",25214890
"1981-09-01",11190060
"1981-10-01",3796459
"1981-11-01",1584298
"1981-12-01",6741099
"1982-01-01",10097766
"1982-02-01",11063162
"1982-03-01",8680391
"1982-04-01",6251539
"1982-05-01",5383356
"1982-06-01",10131773
"1982-07-01",21819622
"1982-08-01",22940022
"1982-09-01",10778734
"1982-10-01",3843656
"1982-11-01",1527686
"1982-12-01",5875870
"1983-01-01",9600275
"1983-02-01",11268209
"1983-03-01",10080623
"1983-04-01",5070060
"1983-05-01",5620023
"1983-06-01",9764861
"1983-07-01",20976039
"1983-08-01",21435151
"1983-09-01",10550492
"1983-10-01",3899954
"1983-11-01",1604554
"1983-12-01",5922611
"1984-01-01",9910938
"1984-02-01",11295554
"1984-03-01",9994481
"1984-04-01",5702045
"1984-05-01",4775436
"1984-06-01",9843131
"1984-07-01",19574400
"1984-08-01",21146345
"1984-09-01",10282870
"1984-10-01",3897140
"1984-11-01",1798785
"1984-12-01",6404427
"1985-01-01",9657824
"1985-02-01",11831955
"1985-03-01",9950850
"1985-04-01",5665570
"1985-05-01",5315253
"1985-06-01",9534948
"1985-07-01",18688299
"1985-08-01",19985511
"1985-09-01",10040563
"1985-10-01",4135856
"1985-11-01",1803009
"1985-12-01",5976523
"1986-01-01",9353079
"1986-02-01",12272094
"1986-03-01",12261836
"1986-04-01",4459233
"1986-05-01",5585207
"1986-06-01",8105127
"1986-07-01",18659976
"1986-08-01",20376473
"1986-09-01",10266423
"1986-10-01",4221277
"1986-11-01",1809327
"1986-12-01",6251153
"1987-01-01",9716401
"1987-02-01",11950943
"1987-03-01",10970766
"1987-04-01",6287739
"1987-05-01",4939313
"1987-06-01",9259568
"1987-07-01",18318425
"1987-08-01",19310785
"1987-09-01",10422136
"1987-10-01",4570293
"1987-11-01",1874872
"1987-12-01",6063914
"1988-01-01",9205502
"1988-02-01",12921950
"1988-03-01",12196238
"1988-04-01",5817377
"1988-05-01",5231744
"1988-06-01",8543385
"1988-07-01",18903282
"1988-08-01",20074078
"1988-09-01",10591556
"1988-10-01",4811012
"1988-11-01",1975442
"1988-12-01",5440515
"1989-01-01",10065327
"1989-02-01",13563637
"1989-03-01",14931915
"1989-04-01",4476131
"1989-05-01",6267597
"1989-06-01",8805254
"1989-07-01",19948562
"1989-08-01",20920386
"1989-09-01",11188047
"1989-10-01",4977654
"1989-11-01",2298167
"1989-12-01",6341409
"1990-01-01",9764812
"1990-02-01",12469366
"1990-03-01",11224690
"1990-04-01",6748842
"1990-05-01",5792995
"1990-06-01",10074463
"1990-07-01",19403617
"1990-08-01",21409530
"1990-09-01",11769052
"1990-10-01",5501343
"1990-11-01",2480053
"1990-12-01",7039119
"1991-01-01",10098432
"1991-02-01",13915580
"1991-03-01",12762067
"1991-04-01",5093886
"1991-05-01",6789207
"1991-06-01",9430783
"1991-07-01",20510546
"1991-08-01",23360382
"1991-09-01",12149471
"1991-10-01",5876448
"1991-11-01",2492667
"1991-12-01",7593214
"1992-01-01",11092400
"1992-02-01",13873507
"1992-03-01",11410251
"1992-04-01",6608568
"1992-05-01",6164838
"1992-06-01",10298671
"1992-07-01",20218753
"1992-08-01",23059074
"1992-09-01",12138840
"1992-10-01",5517406
"1992-11-01",2250521
"1992-12-01",7783225
"1993-01-01",12211987
"1993-02-01",14232950
"1993-03-01",10968616
"1993-04-01",6603169
"1993-05-01",6261931
"1993-06-01",9950104
"1993-07-01",19124197
"1993-08-01",21943087
"1993-09-01",11160828
"1993-10-01",5139008
"1993-11-01",2374878
"1993-12-01",7068755
"1994-01-01",12337682
"1994-02-01",13887576
"1994-03-01",12019243
"1994-04-01",5209447
"1994-05-01",6588498
"1994-06-01",9155195
"1994-07-01",18431714
"1994-08-01",19788350
"1994-09-01",10478493
"1994-10-01",5158867
"1994-11-01",2413576
"1994-12-01",6890854
"1995-01-01",11949733
"1995-02-01",13784286
"1995-03-01",9973238
"1995-04-01",6394745
"1995-05-01",5760968
"1995-06-01",9406828
"1995-07-01",17157632
"1995-08-01",18371499
"1995-09-01",9733012
"1995-10-01",5144266
"1995-11-01",2336505
"1995-12-01",7101611
"1996-01-01",11021217
"1996-02-01",13584535
"1996-03-01",10834969
"1996-04-01",5622908
"1996-05-01",5858185
"1996-06-01",8583900
"1996-07-01",16380064
"1996-08-01",16869802
"1996-09-01",9024538
"1996-10-01",5163621
"1996-11-01",2430703
"1996-12-01",7561523
"1997-01-01",10476333
"1997-02-01",12630284
"1997-03-01",11297525
"1997-04-01",4410157
"1997-05-01",6176819
"1997-06-01",7829616
"1997-07-01",14269582
"1997-08-01",17332678
"1997-09-01",9235924
"1997-10-01",5200106
"1997-11-01",2377910
"1997-12-01",7868904
"1998-01-01",10345910
"1998-02-01",13132785
"1998-03-01",9345651
"1998-04-01",6468899
"1998-05-01",5901757
"1998-06-01",8287345
"1998-07-01",13974672
"1998-08-01",18446576
"1998-09-01",9465346
"1998-10-01",5177470
"1998-11-01",2542893
"1998-12-01",8067156
"1999-01-01",11835562
"1999-02-01",13508009
"1999-03-01",10282741
"1999-04-01",5885842
"1999-05-01",5988252
"1999-06-01",8280591
"1999-07-01",14459458
"1999-08-01",17904330
"1999-09-01",9320316
"1999-10-01",5247788
"1999-11-01",2646650
"1999-12-01",7373032
"2000-01-01",12437804
"2000-02-01",13480000
"2000-03-01",11340174
"2000-04-01",6137874
"2000-05-01",5150347
"2000-06-01",8908928
"2000-07-01",14618141
"2000-08-01",16498662
"2000-09-01",9288298
"2000-10-01",5180341
"2000-11-01",2701638
"2000-12-01",7943362
"2001-01-01",12611596
"2001-02-01",14249582
"2001-03-01",11124465
"2001-04-01",6639917
"2001-05-01",5647470
"2001-06-01",8467990
"2001-07-01",14626042
"2001-08-01",16490657
"2001-09-01",8583676
"2001-10-01",5429983
"2001-11-01",2873002
"2001-12-01",8365664
"2002-01-01",12469912
"2002-02-01",15032360
"2002-03-01",12549557
"2002-04-01",5009966
"2002-05-01",6439941
"2002-06-01",8224343
"2002-07-01",14645574
"2002-08-01",16554602
"2002-09-01",8781886
"2002-10-01",5549698
"2002-11-01",2913234
"2002-12-01",8632525
"2003-01-01",12558610
"2003-02-01",14351621
"2003-03-01",11947651
"2003-04-01",6428052
"2003-05-01",5872467
"2003-06-01",8976942
"2003-07-01",13691367
"2003-08-01",17790411
"2003-09-01",9206279
"2003-10-01",5558717
"2003-11-01",3068894
"2003-12-01",8515365
"2004-01-01",12481210
"2004-02-01",15785725
"2004-03-01",11362805
"2004-04-01",6886592
"2004-05-01",6155760
"2004-06-01",8518179
"2004-07-01",13557620
"2004-08-01",17078434
"2004-09-01",9104940
"2004-10-01",5407741
"2004-11-01",3119155
"2004-12-01",7792653
"2005-01-01",13672902
"2005-02-01",15280433
"2005-03-01",14567987
"2005-04-01",4761346
"2005-05-01",6485192
"2005-06-01",7954441
"2005-07-01",13762974
"2005-08-01",16670756
"2005-09-01",9019138
"2005-10-01",5685797
"2005-11-01",3158067
"2005-12-01",8221912
"2006-01-01",13467099
"2006-02-01",15424530
"2006-03-01",12479283
"2006-04-01",7187280
"2006-05-01",5817909
"2006-06-01",8575799
"2006-07-01",13858568
"2006-08-01",15373023
"2006-09-01",9426190
"2006-10-01",5930299
"2006-11-01",3306606
"2006-12-01",8556538
"2007-01-01",13024098
"2007-02-01",15541398
"2007-03-01",11786861
"2007-04-01",7167148
"2007-05-01",6105886
"2007-06-01",8824342
"2007-07-01",14742763
"2007-08-01",15841836
"2007-09-01",9330374
"2007-10-01",6101475
"2007-11-01",3614714
"2007-12-01",9368491
"2008-01-01",13708035
"2008-02-01",16891321
"2008-03-01",14817637
"2008-04-01",4913435
"2008-05-01",7109574
"2008-06-01",8531867
"2008-07-01",15268356
"2008-08-01",15986766
"2008-09-01",9321150
"2008-10-01",6194151
"2008-11-01",3624128
"2008-12-01",10352212
"2009-01-01",14097527
"2009-02-01",16092409
"2009-03-01",11173817
"2009-04-01",7560486
"2009-05-01",6292516
"2009-06-01",8577668
"2009-07-01",14519650
"2009-08-01",16695239
"2009-09-01",9498362
"2009-10-01",6090811
"2009-11-01",3560562
"2009-12-01",10147920
"2010-01-01",13873305
"2010-02-01",15900667
"2010-03-01",12613962
"2010-04-01",6598790
"2010-05-01",6509304
"2010-06-01",8407997
"2010-07-01",14945597
"2010-08-01",16773614
"2010-09-01",9573457
"2010-10-01",6265895
"2010-11-01",3841399
"2010-12-01",9576105
"2011-01-01",14411086
"2011-02-01",14835518
"2011-03-01",12997147
"2011-04-01",6401322
"2011-05-01",5774356
"2011-06-01",9752460
"2011-07-01",14900164
"2011-08-01",17201037
"2011-09-01",9861609
"2011-10-01",6516964
"2011-11-01",3982511
"2011-12-01",9367807
"2012-01-01",14691053
"2012-02-01",16648922
"2012-03-01",12168100
"2012-04-01",7450195
"2012-05-01",6757252
"2012-06-01",9316980
"2012-07-01",15201094
"2012-08-01",17531141
"2012-09-01",10237620
"2012-10-01",6655047
"2012-11-01",4167266
"2012-12-01",10191281
"2013-01-01",14337139
"2013-02-01",17087170
"2013-03-01",14113258
"2013-04-01",5662694
"2013-05-01",7163568
"2013-06-01",8813317
"2013-07-01",15476393
"2013-08-01",18175126
"2013-09-01",10051922
"2013-10-01",6780680
"2013-11-01",4253923
"2013-12-01",10713790
"2014-01-01",13890428
"2014-02-01",15560473
"2014-03-01",13143730
"2014-04-01",6930938
"2014-05-01",6671123
"2014-06-01",10103768
"2014-07-01",14785517
"2014-08-01",18513442
"2014-09-01",10063970
"2014-10-01",7075664
"2014-11-01",4290243
"2014-12-01",10871416
"2015-01-01",13915727
"2015-02-01",17226577
"2015-03-01",12492010
"2015-04-01",7102335
"2015-05-01",7306144
"2015-06-01",9863136
"2015-07-01",15934849
"2015-08-01",18867035
"2015-09-01",10553225
"2015-10-01",6902076
"2015-11-01",4542346
"2015-12-01",10543929
"2016-01-01",14229334
"2016-02-01",17797200
"2016-03-01",15581922
"2016-04-01",5832169
"2016-05-01",8025225
"2016-06-01",9304475
"2016-07-01",17056837
"2016-08-01",19828632
"2016-09-01",11130598
"2016-10-01",7605206
"2016-11-01",4666449
"2016-12-01",9818895
"2017-01-01",14602547
"2017-02-01",17280437
"2017-03-01",13874964
"2017-04-01",8348515
"2017-05-01",7163569
"2017-06-01",11271817
"2017-07-01",17695087
"2017-08-01",19977268
"2017-09-01",11091392
"2017-10-01",7787933
"2017-11-01",4843712
"2017-12-01",10562871
"2018-01-01",15424579
"2018-02-01",18206461
"2018-03-01",15523213
"2018-04-01",7278028
"2018-05-01",8504863
"2018-06-01",10777905
"2018-07-01",18361758
"2018-08-01",19766142
"2018-09-01",11288113
"2018-10-01",8048140
"2018-11-01",5227899
"2018-12-01",11412233
"2019-01-01",15156391
"2019-02-01",17862768
"2019-03-01",14979370
"2019-04-01",8276601
"2019-05-01",7465251
"2019-06-01",12610524
"2019-07-01",18754000
"2019-08-01",20194697
"2019-09-01",11428432
"2019-10-01",8521969
"2019-11-01",5301369
"2019-12-01",12157712
"2020-01-01",16042908
"2020-02-01",19733690
"2020-03-01",6196039
"2020-04-01",249868
"2020-05-01",770115
"2020-06-01",5246626
"2020-07-01",15574200
"2020-08-01",17994407
"2020-09-01",9895421
"2020-10-01",4347704
"2020-11-01",1074796
"2020-12-01",747222
"2021-01-01",756931
"2021-02-01",866669
"2021-03-01",1079879
"2021-04-01",1036434
"2021-05-01",2913804
"2021-06-01",7441813
"2021-07-01",15574909
"2021-08-01",20765380
"2021-09-01",11726709
"2021-10-01",8020680
"2021-11-01",3268802
"2021-12-01",6109999
"2022-01-01",10220394
"2022-02-01",13395405
"2022-03-01",12150795
"2022-04-01",7581435
"2022-05-01",7221496
"2022-06-01",11988573
"2022-07-01",17952635
"2022-08-01",20728115
"2022-09-01",11650494
"2022-10-01",8350099
"2022-11-01",4885586
"2022-12-01",10787073
"2023-01-01",15027940
"2023-02-01",17457450
"2023-03-01",12937032
"2023-04-01",8231946
"2023-05-01",8279509
"2023-06-01",12519455
"2023-07-01",18805599
"2023-08-01",20455405
"2023-09-01",12209238
"2023-10-01",8661552
"2023-11-01",5175699
"2023-12-01",11408118
"2024-01-01",15515336
"2024-02-01",18476532
"2024-03-01",13922702
"2024-04-01",6586730
"2024-05-01",9518563
"2024-06-01",11748133
"2024-07-01",18785340
"2024-08-01",21123005
"2024-09-01",11366256
"2024-10-01",9078574
"2024-11-01",5541119
"2024-12-01",12655553
