"Bundesland","Jahr","Mean(Temp_final)","Mean(era5_temp)","Mean(Mean(rr_final))","Mean(Mean(sun_hours_final))","Mean(zamg_temp)","Mean(Mean(snow_height_final))","Min*(Mean(temp_min_month))","Max*(Mean(temp_max_month))","MA(Mean(Temp_final))"
"Burgenland",1974,11.071801715309782,10.345740122202514,42.35833333333333,136.9916666666667,11.071801715309782,,-4.6,34.6,
"Kärnten",1974,6.730053123399898,7.108920730441439,61.202777777777776,149.78958333333333,6.730053123399898,,-9.3,28.666666666666668,
"Niederösterreich",1974,8.973031406954904,9.052212449730138,56.738888888888894,128.82833333333332,8.973031406954904,,-8.833333333333334,33.96666666666667,
"Oberösterreich",1974,8.547017205464787,8.955920114684696,63.84027777777778,126.52499999999998,8.547017205464787,,-10.2,32.900000000000006,
"Salzburg",1974,0.7230879842976614,3.1755976763446427,123.37222222222223,124.44999999999999,0.7230879842976614,,-16.233333333333334,21.4,7.208998287085407
"Steiermark",1974,9.63200823519372,8.390388471867555,46.772222222222226,133.93055555555554,9.63200823519372,,-7.9333333333333345,32.63333333333333,6.921039591062195
"Tirol",1974,9.103730158730158,2.133867439217468,72.45555555555555,146.4177083333333,9.103730158730158,,-10.8,33.3,7.395774998128247
"Vorarlberg",1974,9.437750659054998,5.55242782433278,133.95833333333334,140.96666666666667,9.437750659054998,,-5.35,31.3,7.488718848548266
"Wien",1974,10.3147834457888,10.32533278182339,39.7074074074074,131.57999999999998,10.3147834457888,,-4.166666666666666,36.6,7.842272096613068
"Burgenland",1975,11.09237263184844,10.117296539439883,46.383333333333326,159.625,11.09237263184844,,-12.4,32,9.916129026123224
"Kärnten",1975,7.11402137736815,7.270640262470153,75.77222222222223,157.54583333333332,7.11402137736815,,-12.766666666666667,27.63333333333333,9.41253165455811
"Niederösterreich",1975,8.73485401674081,8.820558063081391,45.63888888888889,140.40166666666664,8.73485401674081,,-19.633333333333333,28.8,9.338756426160241
"Oberösterreich",1975,8.86377496159754,8.817979314030785,48.75555555555555,137.72,8.86377496159754,,-17,28.26666666666667,9.22396128666875
"Salzburg",1975,1.2815292712066908,3.3504352741775705,114.92222222222222,140.03055555555557,1.2815292712066908,,-18.799999999999997,20.933333333333334,7.4173104517523285
"Steiermark",1975,9.619162186379928,8.563845325930217,58.71666666666666,145.98333333333335,9.619162186379928,,-11.5,30.23333333333333,7.122668362658626
"Tirol",1975,8.846509643283836,2.0048112515921264,81.99444444444444,151.77604166666666,8.846509643283836,,-16.033333333333335,30.466666666666665,7.469166015841763
"Vorarlberg",1975,9.151335895954174,5.17556899404764,98.07083333333333,148.86111111111111,9.151335895954174,,-10.25,33.5,7.552462391684436
"Wien",1975,10.196141547546933,10.05799352658306,45.352777777777774,142.09833333333336,10.196141547546933,,-13.366666666666667,30.400000000000002,7.8189357088743145
"Burgenland",1976,10.42832344580398,9.680418632352582,33.07500000000001,153.85833333333335,10.42832344580398,,-11.8,34,9.648294543793773
"Kärnten",1976,6.882997813797273,6.547695630264355,53.54999999999998,159.01041666666666,6.882997813797273,,-15.633333333333336,29.200000000000003,9.101061669277241
"Niederösterreich",1976,8.363982049659475,8.43375053345412,47.045833333333334,138.02399999999997,8.363982049659475,,-17.53333333333333,32.166666666666664,9.00455615055237
"Oberösterreich",1976,8.549382647385986,8.531161347773274,50.9,145.07833333333335,8.549382647385986,,-17.06666666666667,31.9,8.884165500838732
"Salzburg",1976,-0.8093804329913896,3.1524155388703745,123.09583333333332,151.32673611111113,-0.8093804329913896,,-22.6,20.9,6.683061104731067
"Steiermark",1976,8.920886169818315,7.5271375176314965,45.229166666666664,150.9670634920635,8.920886169818315,,-15.8,32.95,6.381573649533934
"Tirol",1976,8.685718905780085,1.7005069889164603,63.50833333333333,161.98541666666665,8.685718905780085,,-17.4,32.4,6.742117867930496
"Vorarlberg",1976,9.11132321039908,5.186635179077598,90.79166666666667,154.3194444444444,9.11132321039908,,-15.65,31.35,6.891586100078417
"Wien",1976,9.636544839988453,9.779544305017428,40.33518518518519,144.195,9.636544839988453,,-13.6,34.53333333333333,7.10901853859891
"Burgenland",1977,10.84552483358935,10.080802105270761,27.61666666666667,151.90833333333333,10.84552483358935,,-11,31.5,9.439999591915058
"Kärnten",1977,7.363539665521406,6.863191185427893,58.122222222222206,146.39062499999997,7.363539665521406,,-12.433333333333334,26.433333333333334,9.128530291055675
"Niederösterreich",1977,8.511535244922342,8.800416535820986,42.966666666666676,127.54499999999999,8.511535244922342,,-14.500000000000002,29.133333333333333,9.093693558884127
"Oberösterreich",1977,8.918225166410648,8.607226458680048,59.79999999999999,136.0145454545454,8.918225166410648,,-12.966666666666667,29.4,9.05507395008644
"Salzburg",1977,1.2937406127325484,3.1297353805230417,109.52777777777779,130.93055555555554,1.2937406127325484,,-17.03333333333333,18.73333333333333,7.3865131046352595
"Steiermark",1977,9.643807603686636,8.012340167888098,34.12222222222222,149.96875,9.643807603686636,,-12.133333333333333,30.433333333333337,7.146169658654717
"Tirol",1977,9.029891619730329,2.5396144927862285,70.12500000000001,145.68541666666667,9.029891619730329,,-15.333333333333334,31.899999999999995,7.479440049496501
"Vorarlberg",1977,9.345880341515098,5.808347181440972,104.275,130.06666666666666,9.345880341515098,,-10.9,34.25,7.646309068815053
"Wien",1977,10.150919114347023,9.999602768851899,36.1925925925926,138.93166666666664,10.150919114347023,,-9.133333333333333,30.6,7.892847858402328
"Burgenland",1978,9.72626920122888,8.93891176444362,25.78333333333333,135.49166666666667,9.72626920122888,,-17.6,31.2,9.579353576101594
"Kärnten",1978,6.115570414926505,5.860411300360579,64.51388888888889,141.61666666666665,6.115570414926505,,-16.033333333333335,25.76666666666667,8.873706138349569
"Niederösterreich",1978,7.4286751152073744,7.837397231230821,33.40277777777778,126.79666666666667,7.4286751152073744,,-19.900000000000002,28.233333333333334,8.553462837444977
"Oberösterreich",1978,7.754246671786996,7.652061946433932,39.83611111111111,125.62,7.754246671786996,,-17,28.33333333333333,8.235136103499357
"Salzburg",1978,-1.7391572445048338,1.9584550376877679,123.91666666666669,127.42638888888888,-1.7391572445048338,,-19.8,17.099999999999998,5.857120831728986
"Steiermark",1978,8.35511734084315,6.988986827644991,36.19722222222222,139.44791666666663,8.35511734084315,,-12.866666666666667,28.9,5.58289045965184
"Tirol",1978,6.976995841762402,1.7204054105116304,69.85000000000001,152.36666666666667,6.976995841762402,,-15.333333333333334,29.2,5.75517554501902
"Vorarlberg",1978,8.398492932852584,4.979801811705304,107.98333333333335,133.75833333333333,8.398492932852584,,-10.9,28.95,5.949139108548062
"Wien",1978,9.135207658171513,8.939162788621163,29.23148148148148,130.18,9.135207658171513,,-17.233333333333338,30.666666666666664,6.225331305824965
"Burgenland",1979,10.418773041474655,9.485589485353747,39.60000000000001,154.35833333333335,10.418773041474655,,-15.5,31.8,8.656917363020863
"Kärnten",1979,6.704922585296604,6.298688535612972,78.34722222222223,143.27534722222217,6.704922585296604,,-19.166666666666668,25.96666666666667,8.326878411911554
"Niederösterreich",1979,7.89817332309268,8.252656388288873,55.39166666666667,134.62166666666667,7.89817332309268,,-17.733333333333334,29.5,8.51111390817761
"Oberösterreich",1979,8.325675883256526,8.188072653335169,63.68333333333332,132.73000000000002,8.325675883256526,,-16.133333333333333,29.333333333333332,8.496550498258397
"Salzburg",1979,-1.6282790724518321,2.8910463740239627,133.80000000000004,130.18055555555554,-1.6282790724518321,,-24.566666666666666,18.466666666666665,6.343853152133728
"Steiermark",1979,9.218307945041815,7.487176407247417,64.5722222222222,147.2125,9.218307945041815,,-15.333333333333334,29.766666666666666,6.10376013284716
"Tirol",1979,7.749336874858468,1.633223502741533,100.0638888888889,148.53229166666665,7.749336874858468,,-18.966666666666665,30.299999999999997,6.312642990759533
"Vorarlberg",1979,9.047286587120501,5.0777704382200675,115.85416666666667,135.27777777777777,9.047286587120501,,-15.100000000000001,29.35,6.542465643565098
"Wien",1979,9.540649827380483,9.40770011543941,47.59166666666667,145.18166666666664,9.540649827380483,,-15.2,31.866666666666667,6.78546043238989
"Burgenland",1980,9.415955691509087,8.632584317675521,29.375,142.71666666666664,9.415955691509087,,-14,31.6,8.994307385182074
"Kärnten",1980,6.029491921514729,5.749756385656154,73.66111111111111,133.6222222222222,6.029491921514729,,-15.333333333333334,28.266666666666666,8.356544180476657
"Niederösterreich",1980,7.173819676183413,7.451114242899804,46.525000000000006,126.28166666666664,7.173819676183413,,-18.8,30.5,8.241440740741647
"Oberösterreich",1980,7.57384109916368,7.489197504804747,60.59444444444445,127.82833333333332,7.57384109916368,,-18.733333333333334,30.5,7.946751643150282
"Salzburg",1980,-1.9542427520157517,2.3837788567879157,123.13055555555555,126.28055555555557,-1.9542427520157517,,-21.53333333333333,21.466666666666665,5.647773127271035
"Steiermark",1980,8.568684340625383,6.971788767265865,47.18888888888889,133.95312500000003,8.568684340625383,,-14.133333333333333,31.233333333333334,5.478318857094295
"Tirol",1980,7.77085918510279,1.1470284314941233,70.87222222222222,146.47916666666663,7.77085918510279,,-17.666666666666668,33.50000000000001,5.8265923098119075
"Vorarlberg",1980,8.335821857997898,4.4891548644044015,108.18749999999999,127.23888888888887,8.335821857997898,,-12.9,34.6,6.0589927461748045
"Wien",1980,8.783876294404566,8.53029130691769,41.236111111111114,129.67999999999998,8.783876294404566,,-15.799999999999999,31.433333333333334,6.300999785222982
"Burgenland",1981,10.889912314388122,10.282205964712425,23.391666666666666,152.04999999999995,10.889912314388122,,-14.6,34.2,8.869830798503756
"Kärnten",1981,6.697814380991863,6.615583485031067,55.68055555555555,159.97534722222224,6.697814380991863,,-18.766666666666666,28.299999999999997,8.495656806577053
"Niederösterreich",1981,8.35194279035571,8.77869532331672,47.63888888888889,124.95666666666666,8.35194279035571,,-19.433333333333334,31.900000000000002,8.611873527627637
"Oberösterreich",1981,8.496869986345793,8.411385757203147,65.75277777777778,127.84499999999997,8.496869986345793,,-18.06666666666667,31.433333333333337,8.644083153297215
"Salzburg",1981,-1.1659881811292458,2.9098067621287997,126.82777777777778,123.40833333333333,-1.1659881811292458,,-23.03333333333333,20.666666666666664,6.654110258190453
"Steiermark",1981,9.542540109233657,7.9582962234276575,45.11388888888889,160.91145833333331,9.542540109233657,,-15.833333333333334,31.499999999999996,6.384635817159561
"Tirol",1981,8.473830858508277,1.6260395652788677,81.76944444444445,146.484375,8.473830858508277,,-17.266666666666662,32.16666666666666,6.739839112662843
"Vorarlberg",1981,9.04327844213014,5.081384749394652,134.07916666666668,134.16666666666669,9.04327844213014,,-13.75,29.15,6.878106243017729
"Wien",1981,10.141746488682688,10.248369197991362,37.47314814814815,142.8983333333333,10.141746488682688,,-16.2,32.900000000000006,7.207081543485108
"Burgenland",1982,10.7282226062468,10.016547387995525,36.550000000000004,150.63333333333333,10.7282226062468,,-16,32,9.585923700960317
"Kärnten",1982,7.371790086429037,6.967771472627609,68.98611111111113,149.20416666666668,7.371790086429037,,-16.599999999999998,27.366666666666667,9.151773696399392
"Niederösterreich",1982,8.16691729845683,8.77741742738205,50.59722222222223,131.84833333333333,8.16691729845683,,-20.96666666666667,30.3,9.090390984389103
"Oberösterreich",1982,8.805827146270692,8.912590822281983,47.89166666666667,138.01166666666666,8.805827146270692,,-18,29.566666666666666,9.042900725217214
"Salzburg",1982,1.1251849718381974,3.880636209013402,94.42916666666666,131.74340277777776,1.1251849718381974,,-20.000000000000004,19.950000000000003,7.239588421848316
"Steiermark",1982,9.654319849803722,8.020985282890129,61.327777777777776,141.45937499999997,9.654319849803722,,-15.733333333333334,30.466666666666665,7.0248078705597
"Tirol",1982,9.251793394777266,2.5442793681862517,64.76944444444443,160.03854166666667,9.251793394777266,,-13.533333333333333,31.166666666666668,7.4008085322293455
"Vorarlberg",1982,9.538684764399855,5.8185474583973615,103.6625,140.85277777777776,9.538684764399855,,-10.2,30.8,7.675162025417951
"Wien",1982,9.949169231113348,9.958332351782545,29.630555555555556,147.90666666666664,9.949169231113348,,-15.633333333333336,31.799999999999997,7.903830442386482
"Burgenland",1983,11.419559011776752,10.632413610767111,21.591666666666665,166.17499999999998,11.419559011776752,,-11.5,35.2,9.962705250374192
"Kärnten",1983,7.267566621263664,7.183887660794312,46.65555555555555,160.10312500000003,7.267566621263664,,-18.033333333333335,31.93333333333333,9.485354604666181
"Niederösterreich",1983,8.965495234450284,9.152864970398126,49.30740740740741,144.08020833333333,8.965495234450284,,-18.633333333333333,34.93333333333334,9.428094972600785
"Oberösterreich",1983,9.09982718894009,8.915887593413999,52.223148148148134,150.11499999999998,9.09982718894009,,-15.933333333333334,35.233333333333334,9.340323457508832
"Salzburg",1983,1.364415726195548,3.9728141765713234,86.55925925925925,136.92083333333335,1.364415726195548,,-20.65,23.3,7.6233727565252725
"Steiermark",1983,10.007776071001878,8.499590107734917,38.455555555555556,165.54375000000002,10.007776071001878,,-14.5,35.833333333333336,7.341016168370298
"Tirol",1983,9.24315668202765,2.634022653753861,66.13611111111112,162.28958333333335,9.24315668202765,,-15.166666666666666,36.666666666666664,7.736134180523095
"Vorarlberg",1983,9.486449803916143,5.831487775228305,100.84583333333333,142.9722222222222,9.486449803916143,,-12.35,34.95,7.840325094416267
"Wien",1983,10.943426536635306,10.576132426595322,31.108333333333334,159.95499999999998,10.943426536635306,,-12.066666666666666,36.03333333333333,8.20904496395531
"Burgenland",1984,9.965026547899512,9.480802660847466,29.775000000000002,136.71666666666664,9.965026547899512,,-9.8,34.2,9.929167128296104
"Kärnten",1984,6.42411843184955,6.162566731274223,52.97777777777779,136.96979166666662,6.42411843184955,,-14.666666666666666,31.2,9.21243560046564
"Niederösterreich",1984,7.744976796037081,8.146781700340934,46.81574074074073,122.17916666666665,7.744976796037081,,-15.3,32.93333333333333,8.912799623267526
"Oberösterreich",1984,8.05498558068636,8.036498920689933,43.58333333333332,125.21333333333332,8.05498558068636,,-13.399999999999999,33.733333333333334,8.62650677862157
"Salzburg",1984,0.5939844290920326,2.8924841580563,91.075,130.0375,0.5939844290920326,29335.833333333332,-19.2,23.3,6.5566183571129155
"Steiermark",1984,9.1263764264821,7.3959863366292025,44.68333333333333,138.0625,9.1263764264821,,-14,32.4,6.388888332829433
"Tirol",1984,8.239909158324062,1.3158428632894767,64.88055555555556,151.02916666666664,8.239909158324062,,-15.066666666666666,36.00000000000001,6.752046478124336
"Vorarlberg",1984,8.868910969284293,4.717797979843882,100.4125,131.81388888888887,8.868910969284293,,-11.45,37.35,6.9768333127737785
"Wien",1984,9.547976939765531,9.3886521853603,39.34444444444445,131.90666666666667,9.547976939765531,,-10.500000000000002,33,7.2754315845896125
"Burgenland",1985,9.366882484811919,8.985053977766604,52.43333333333334,142.34545454545452,9.366882484811919,,-20.5,32.8,9.03001119573359
"Kärnten",1985,6.36156195739927,6.064117358398958,66.95555555555555,158.39166666666668,6.36156195739927,,-22.666666666666668,26.8,8.477048301917023
"Niederösterreich",1985,7.47669697665604,7.686684563569425,60.087037037037035,131.99270833333335,7.47669697665604,,-26.833333333333336,31.033333333333335,8.324405865583419
"Oberösterreich",1985,7.690762502133471,7.561204580346496,61.08888888888889,142.74833333333333,7.690762502133471,,-25.066666666666666,31.2,8.088776172153255
"Salzburg",1985,0.8796821108046888,2.8899777519521463,90.84999999999998,142.10833333333332,0.8796821108046888,19239.666666666668,-26.766666666666666,20,6.355117206361086
"Steiermark",1985,8.709573946065882,7.167218603988012,56.647222222222226,158.60000000000005,8.709573946065882,,-20.933333333333334,32.2,6.223655498611879
"Tirol",1985,8.060441203886077,1.5691628320612772,63.83796296296296,168.34687499999998,8.060441203886077,,-22.400000000000002,32.300000000000004,6.5634313479092405
"Vorarlberg",1985,8.648837569991807,4.896103608926996,86.79583333333332,140.85833333333332,8.648837569991807,,-20.05,32.1,6.797859466576394
"Wien",1985,9.140006793314113,8.81143525657911,45.4324074074074,140.39666666666665,9.140006793314113,,-22.266666666666673,33.53333333333333,7.087708324812523
"Burgenland",1986,9.729224897834408,9.452958754829663,31.150000000000002,161.3,9.729224897834408,,-15.8,32.1,8.857616882218467
"Kärnten",1986,6.12948391363714,6.2808719346865125,57.08055555555554,151.45729166666666,6.12948391363714,,-20.166666666666668,27.866666666666667,8.34159887573272
"Niederösterreich",1986,7.895797283219365,8.31771679153335,46.86574074074074,135.98645833333333,7.895797283219365,,-22.633333333333333,31.366666666666667,8.308670091599378
"Oberösterreich",1986,8.360568783068784,8.234705438374748,46.82222222222223,139.49666666666667,8.360568783068784,,-18.8,31.066666666666666,8.251016334214773
"Salzburg",1986,0.15919584074989934,3.215820463901712,91.41296296296298,137.63611111111112,0.15919584074989934,29530.4,-24.2,19.766666666666666,6.4548541437019304
"Steiermark",1986,8.759392814473461,7.369764616572817,46.26111111111111,151.43333333333328,8.759392814473461,,-19.266666666666666,31.466666666666665,6.260887727029741
"Tirol",1986,7.7776992165769245,1.9269151387742367,58.7962962962963,158.41875,7.7776992165769245,,-17.06666666666667,32.63333333333333,6.5905307876176975
"Vorarlberg",1986,8.867194350692124,5.307810808782449,74.17708333333333,130.20138888888886,8.867194350692124,,-15.95,34.349999999999994,6.784810201112249
"Wien",1986,9.689687799019723,9.478224322940688,36.035185185185185,156.46999999999994,9.689687799019723,,-17.866666666666667,32.66666666666667,7.050634004302436
"Burgenland",1987,9.3962237319421,9.156119550837943,42.89166666666668,139.375,9.3962237319421,,-20,33,8.898039582540877
"Kärnten",1987,6.178699010069978,6.407257937041324,67.21388888888889,145.11458333333331,6.178699010069978,,-22.7,27.266666666666666,8.38190082166018
"Niederösterreich",1987,7.710702844243044,7.98521209344867,56.64629629629629,117.24895833333332,7.710702844243044,,-25.4,30.599999999999998,8.368501547193404
"Oberösterreich",1987,8.128346347499571,7.877800519822626,60.83888888888889,124.24333333333328,8.128346347499571,,-22.5,30.566666666666666,8.220731946554894
"Salzburg",1987,0.9709807896298237,3.3003687901172563,113.5935185185185,114.25092592592593,0.9709807896298237,26726.5,-27.733333333333334,19.700000000000003,6.476990544676914
"Steiermark",1987,9.024818868407577,7.524166607673578,57.227777777777774,140.22916666666669,9.024818868407577,,-22.733333333333334,31.033333333333335,6.402709571970009
"Tirol",1987,7.931033404724808,1.8732199078687932,78.96018518518517,144.1047619047619,7.931033404724808,,-22.53333333333333,31.433333333333334,6.753176450900975
"Vorarlberg",1987,7.330964790658612,5.192530851155829,76.38333333333333,112.77083333333334,7.330964790658612,,-20.6,31.55,6.677228840184089
"Wien",1987,9.440769989179763,9.056060030097948,52.42037037037037,137.735,9.440769989179763,,-22.06666666666667,32.83333333333333,6.939713568520127
"Burgenland",1988,10.409615840000209,10.051487720555011,42.49999999999999,161.6333333333333,10.409615840000209,,-10.7,35.2,8.827440578594205
"Kärnten",1988,6.87207102541919,7.258580361366046,51.19722222222222,158.61145833333333,6.87207102541919,,-15.999999999999998,29.333333333333332,8.396891009996528
"Niederösterreich",1988,8.833249936678326,9.072137538705581,53.960185185185175,129.75833333333333,8.833249936678326,,-14.466666666666667,34.166666666666664,8.577334316387232
"Oberösterreich",1988,9.34634109916368,9.063495980375594,65.89722222222221,137.845,9.34634109916368,,-12.833333333333334,34.5,8.980409578088246
"Salzburg",1988,1.5365446963560676,3.784368558521838,105.07407407407406,126.09444444444442,1.5365446963560676,42077.75,-20.733333333333334,21.6,7.399564519523507
"Steiermark",1988,9.806514285405187,8.386156108677877,51.337037037037035,151.81145833333332,9.806514285405187,,-14.499999999999998,33.233333333333334,7.278944208604503
"Tirol",1988,8.687642317705885,2.456721956386747,60.64814814814814,155.86354166666663,8.687642317705885,,-12.833333333333332,32.83333333333334,7.642058467061841
"Vorarlberg",1988,9.777217594027636,6.026378301685537,104.5875,128.20833333333334,9.777217594027636,,-9,31.85,7.8308519985317036
"Wien",1988,10.515873541489565,10.098669008079986,41.78425925925927,152.19166666666663,10.515873541489565,62.5,-10.733333333333333,36.233333333333334,8.06475848699688
"Burgenland",1989,10.721765834019347,10.485605991975511,36.11666666666667,157.45833333333337,10.721765834019347,,-9.7,32.8,9.901802714529536
"Kärnten",1989,7.396233145587984,7.700566555563579,62.58888888888889,159.0197916666666,7.396233145587984,,-12.833333333333332,26.166666666666664,9.419746486566096
"Niederösterreich",1989,8.773844524022964,9.141033331154553,66.75529100529099,132.95250000000001,8.773844524022964,,-15.95,30.766666666666666,9.436986927829512
"Oberösterreich",1989,9.391683307731695,8.970726118255591,49.65277777777778,127.23166666666664,9.391683307731695,,-13.200000000000001,31.966666666666665,9.359880070570323
"Salzburg",1989,2.300750391472132,3.7324185855841647,147.27222222222218,140.76388888888889,2.300750391472132,32595.363636363636,-16.866666666666667,18.933333333333334,7.716855440566837
"Steiermark",1989,10.088263942476484,8.710318689030785,59.901851851851845,156.759375,10.088263942476484,,-11.8,30.133333333333333,7.5901550622582645
"Tirol",1989,8.51031481488821,2.298979336682903,56.443518518518516,167.45937500000002,8.51031481488821,,-12.833333333333336,31.333333333333336,7.81297139611831
"Vorarlberg",1989,9.853162519046645,5.8492457951895815,79.99374999999998,136.25000000000006,9.853162519046645,,-8.1,29.75,8.028834995123045
"Wien",1989,10.740376186768477,10.413000313886778,41.36851851851852,146.02666666666667,10.740376186768477,17.666666666666668,-11.466666666666667,31.866666666666667,8.298573570930401
"Burgenland",1990,10.786246311071848,10.39602640897553,29.966666666666672,171.44166666666666,10.786246311071848,,-10.9,33.4,9.995672754850345
"Kärnten",1990,7.21829642430449,7.486121737340548,65.08055555555556,167.38125,7.21829642430449,,-12.766666666666666,27.53333333333333,9.421679251215945
"Niederösterreich",1990,8.739041977439738,9.119227952148961,45.297619047619044,145.53333333333333,8.739041977439738,,-15.1,30.95,9.46742468372625
"Oberösterreich",1990,9.37938321385902,8.989610568628414,52.28055555555556,155.78833333333333,9.37938321385902,,-12.5,30.5,9.372668822688725
"Salzburg",1990,1.9763693554279702,3.618973001298773,134.78796296296292,142.79722222222222,1.9763693554279702,28245.91666666666,-18.3,20.299999999999997,7.619867456420623
"Steiermark",1990,10.039920987022109,8.485365093051312,55.57314814814815,164.44270833333331,10.039920987022109,,-13.833333333333334,32.16666666666667,7.470602391610676
"Tirol",1990,8.587210409754489,2.300757173016427,70.58240740740742,173.53020833333335,8.587210409754489,,-14.633333333333333,31.500000000000004,7.744385188700676
"Vorarlberg",1990,10.216366895624766,5.983213450327507,92.11458333333331,147.15,10.216366895624766,,-11.7,32.75,8.039850172337681
"Wien",1990,10.904818923858366,10.446006302464708,35.85370370370371,156.15499999999997,10.904818923858366,148.5,-10.666666666666666,33.4,8.344937314337551
"Burgenland",1991,9.655753912050761,9.079899372802549,57.85,158.30000000000004,9.655753912050761,,-15.5,34.6,9.88081422566211
"Kärnten",1991,6.611639977508135,6.110924161743709,66.65185185185184,151.47916666666663,6.611639977508135,,-20.1,28.5,9.195158023759316
"Niederösterreich",1991,7.579977218250658,7.857254469960764,69.90119047619046,129.49333333333334,7.579977218250658,,-22.2,31.25,8.99371138545855
"Oberösterreich",1991,8.406194956477215,7.939593505920401,48.24444444444444,159.45999999999998,8.406194956477215,,-17.833333333333332,31.433333333333334,8.63167699762904
"Salzburg",1991,1.2490869947525267,2.9600636217651486,113.34907407407405,140.2277777777778,1.2490869947525267,17593.5,-21.7,20.500000000000004,6.700530611807872
"Steiermark",1991,9.004564001240688,7.407919158650174,69.16203703703705,147.12916666666666,9.004564001240688,,-16.8,32.6,6.570292629645857
"Tirol",1991,7.738673201291431,1.6340507343590231,70.96018518518515,167.21145833333333,7.738673201291431,,-16.7,33.266666666666666,6.795699274402516
"Vorarlberg",1991,9.711203053913897,5.114849193481737,94.22500000000001,134.19166666666663,9.711203053913897,,-12.1,32.1,7.221944441535164
"Wien",1991,9.610459494246202,9.07355937709082,45.13650793650794,145.47499999999997,9.610459494246202,475.5,-16.76666666666667,33.9,7.462797349088961
"Burgenland",1992,10.639971014488669,10.78664455567531,44.908333333333346,177.74166666666662,10.639971014488669,,-11.3,36,9.34097415303619
"Kärnten",1992,8.075338098725387,7.488425580069698,63.038888888888884,158.50833333333333,8.075338098725387,,-14.766666666666666,31.533333333333335,9.155128972533129
"Niederösterreich",1992,9.143046704436863,9.565453632075787,59.942857142857136,144.69833333333335,9.143046704436863,,-15.399999999999999,34.25,9.436003673162215
"Oberösterreich",1992,9.410738585320354,9.545064795583077,53.40833333333333,141.23214285714286,9.410738585320354,,-11.066666666666666,34.7,9.375910779443506
"Salzburg",1992,2.2762067400169914,3.9872382678992846,101.3037037037037,137.94722222222222,2.2762067400169914,59823.71428571428,-19.5,21.933333333333334,7.9090602285976646
"Steiermark",1992,10.556101002753087,9.099876185666712,57.11296296296295,165.69062500000004,10.556101002753087,,-12.166666666666666,35.56666666666666,7.892286226250548
"Tirol",1992,8.936031479099167,2.7425355940203873,64.79722222222222,166.19895833333334,8.936031479099167,,-14.033333333333335,34.3,8.064424902325305
"Vorarlberg",1992,10.537204301075269,5.980558805927647,89.32083333333333,122.63749999999996,10.537204301075269,,-12.100000000000001,34.65,8.343256421652987
"Wien",1992,11.316090878209726,10.764045201553705,38.09074074074074,160.66,11.316090878209726,47,-10.55,37.05,8.72432688023086
"Burgenland",1993,9.535197452612652,9.706362753096215,36.783333333333346,164.08333333333337,9.535197452612652,,-19.2,34.1,10.176125022749993
"Kärnten",1993,7.442138726714747,7.468504333677379,66.01944444444445,150.12604166666668,7.442138726714747,,-16.566666666666666,27.9,9.553332567542325
"Niederösterreich",1993,8.584794139356244,8.585176263032855,64.83283730158732,137.98208333333332,8.584794139356244,,-18.633333333333333,32.233333333333334,9.48308509959374
"Oberösterreich",1993,8.559821253904586,8.708390030047276,59.097222222222214,145.50833333333333,8.559821253904586,,-15.700000000000001,31.266666666666666,9.087608490159603
"Salzburg",1993,1.7073721907517068,3.653344562131998,102.43055555555556,137.12777777777777,1.7073721907517068,36963.75,-20.833333333333332,20.666666666666668,7.165864752667999
"Steiermark",1993,9.793066286178,8.43295316906417,50.721296296296295,156.04270833333337,9.793066286178,,-15.299999999999999,32.13333333333333,7.217438519381068
"Tirol",1993,8.541035611753825,2.389661124629333,73.65648148148146,160.21145833333333,8.541035611753825,,-15.533333333333333,31.066666666666666,7.437217896388884
"Vorarlberg",1993,10.009899833589351,5.716245644323926,104.5,123.52499999999998,10.009899833589351,,-12.399999999999999,31.200000000000003,7.722239035235506
"Wien",1993,10.080152582699357,9.524957955626512,43.022222222222226,163.43833333333333,10.080152582699357,,-15.633333333333333,33.5,8.02630530099446
"Burgenland",1994,11.635741794462543,11.250166426456651,36.65833333333334,165.46666666666664,11.635741794462543,,-13.9,35.2,10.011979221736627
"Kärnten",1994,8.443608193435889,8.895003152015084,69.1398148148148,157.8138888888889,8.443608193435889,,-17,29.333333333333336,9.742087603188205
"Niederösterreich",1994,9.902547192574595,10.194929234271017,59.8744212962963,142.10416666666666,9.902547192574595,,-15.500000000000002,33.93333333333333,10.01438991935236
"Oberösterreich",1994,10.081580706322727,10.261674586650903,51.57037037037037,151.77777777777777,10.081580706322727,,-11.666666666666666,33.3,10.028726093899035
"Salzburg",1994,2.645705582523895,4.989125264696966,100.23888888888888,141.44444444444446,2.645705582523895,37530.36363636364,-17.366666666666667,21.266666666666666,8.541836693863942
"Steiermark",1994,11.117994293510757,9.757575463069655,56.25648148148147,163.090625,11.117994293510757,,-14.1,33.63333333333334,8.438287193673585
"Tirol",1994,9.860842886634387,3.9279041786247886,63.16203703703704,162.40833333333333,9.860842886634387,,-11.333333333333334,34.266666666666666,8.721734132313284
"Vorarlberg",1994,11.447630888376855,7.2818612367165105,103.45,121.72083333333335,11.447630888376855,,-9.1,32.85,9.030750871473735
"Wien",1994,11.460511071793384,11.112581282546104,41.540740740740745,170.57166666666672,11.460511071793384,,-14.433333333333334,34.50000000000001,9.306536944567867
"Burgenland",1995,10.439337486680397,9.993233224049028,44.57500000000001,152.21666666666667,10.439337486680397,,-12.5,33,10.865263325399168
"Kärnten",1995,7.177225297127393,7.603641022150774,60.07037037037038,150.25555555555553,7.177225297127393,,-15.033333333333333,29.300000000000004,10.077109526122495
"Niederösterreich",1995,8.342190819045902,8.952376593024646,68.43703703703704,123.09444444444442,8.342190819045902,,-16.133333333333333,33.733333333333334,9.773379112604799
"Oberösterreich",1995,8.847715589248107,9.022261589341744,69.43981481481478,132.10624999999996,8.847715589248107,,-12.766666666666666,33.63333333333333,9.253396052779049
"Salzburg",1995,1.3003286773147624,3.4557990361836697,96.80052910052909,120.88263888888885,1.3003286773147624,36583.91666666668,-19.9,21.566666666666666,7.2213595738833245
"Steiermark",1995,9.859812143471512,8.32370003289546,58.69537037037036,149.28958333333333,9.859812143471512,,-15.533333333333333,31.133333333333333,7.105454505241547
"Tirol",1995,8.438895292829391,2.495785197028631,64.10833333333332,156.88229166666667,8.438895292829391,,-15.766666666666666,33.73333333333333,7.357788504381947
"Vorarlberg",1995,9.902774855798413,5.857436224251703,107.96249999999999,141.25416666666666,9.902774855798413,,-13.6,34.45,7.66990531173245
"Wien",1995,10.435286684376619,9.991462921867022,53.965476190476195,154.96833333333336,10.435286684376619,,-14.25,33.95,7.987419530758152
"Burgenland",1996,9.121009861774086,8.551460433207701,42.86363636363636,153.04166666666666,9.121009861774086,,-19.8,32.6,9.551555767650017
"Kärnten",1996,6.232009515263009,6.653061317867353,84.00740740740738,144.7277777777778,6.232009515263009,,-19.2,29,8.825995242008316
"Niederösterreich",1996,6.905631695978991,7.2761982400674325,76.60740740740741,118.58055555555558,6.905631695978991,,-22.6,30.766666666666666,8.519342522638237
"Oberösterreich",1996,7.444149115381434,7.629729901720811,60.60185185185184,138.55555555555551,7.444149115381434,,-19.166666666666668,30.966666666666665,8.027617374554842
"Salzburg",1996,0.930154151943764,2.826170718255647,109.99444444444444,128.83333333333331,0.930154151943764,35927.99999999999,-24.1,20.766666666666666,6.126590868068271
"Steiermark",1996,8.93668594886722,7.356231470155908,66.60648148148147,140.715625,8.93668594886722,,-17.033333333333335,32.06666666666666,6.089726085486897
"Tirol",1996,7.952910513678863,1.8398451804796188,71.36388888888887,163.07708333333335,7.952910513678863,,-16.266666666666666,32.03333333333333,6.433906285170068
"Vorarlberg",1996,8.776412613723876,5.088481222106376,82.14583333333331,143.11666666666665,8.776412613723876,,-11.7,30.35,6.808062468719045
"Wien",1996,8.838621963312312,8.286169784418409,48.72604166666667,147.4,8.838621963312312,,-18.5,30.95,7.086957038305221
"Burgenland",1997,10.188577812149862,9.552825671266982,52.39166666666667,172.99166666666667,10.188577812149862,,-12.7,32.4,8.938641770346441
"Kärnten",1997,7.509070389040035,7.772548977278571,58.791666666666664,165.2888888888889,7.509070389040035,,-11.766666666666667,25.599999999999998,8.653118658381004
"Niederösterreich",1997,8.014668480672649,8.563282930006208,74.01388888888887,137.71944444444446,8.014668480672649,,-15.533333333333333,31.633333333333333,8.66547025177976
"Oberösterreich",1997,8.594844336964654,8.863776900534988,62.412037037037024,152.96388888888887,8.594844336964654,,-15.2,32.166666666666664,8.629156596427917
"Salzburg",1997,2.006086087398216,3.7926172502960434,107.44537037037036,142.43333333333328,2.006086087398216,32640.833333333332,-15.866666666666667,18.5,7.262649421245098
"Steiermark",1997,9.847267495867074,8.385207607260217,52.41388888888889,165.95520833333336,9.847267495867074,,-13.433333333333334,30.06666666666667,7.19438735798854
"Tirol",1997,9.042997713398224,3.2032402359564567,61.16203703703704,175.41666666666669,9.042997713398224,,-12.933333333333334,29.833333333333336,7.501172822860178
"Vorarlberg",1997,9.95375436971483,6.542135005208357,82.93958333333333,149.32500000000002,9.95375436971483,,-10,27.950000000000003,7.888990000668614
"Wien",1997,9.775100123171052,9.42476961443668,61.31666666666668,165.35277777777782,9.775100123171052,,-9.566666666666666,30.96666666666667,8.125041157909894
"Burgenland",1998,10.689970639753408,10.288183258955263,42.541666666666664,160.04166666666669,10.689970639753408,,-13,35,9.861818068380932
"Kärnten",1998,7.6675277268071,7.911554518598546,75.925,164.2847222222222,7.6675277268071,,-12.766666666666667,28.966666666666665,9.425870114568937
"Niederösterreich",1998,8.573871711836864,9.184523620959764,70.62499999999999,128.68611111111113,8.573871711836864,,-19.333333333333332,34.06666666666666,9.332044914256665
"Oberösterreich",1998,9.0881558807651,9.276983604516044,65.22314814814814,145.21388888888885,9.0881558807651,,-17.433333333333334,34.56666666666666,9.158925216466718
"Salzburg",1998,1.628184868347892,3.4975151593862246,116.19259259259255,142.2222222222222,1.628184868347892,31500.499999999993,-19.266666666666666,21.666666666666664,7.529542165502086
"Steiermark",1998,10.321733368377927,8.81053280110196,60.420370370370364,163.51458333333332,10.321733368377927,,-13.433333333333334,32.46666666666667,7.45589471122699
"Tirol",1998,8.962307245507448,2.5364781785954555,67.96018518518518,172.0333333333333,8.962307245507448,,-13.4,33.233333333333334,7.71485061496706
"Vorarlberg",1998,9.956612600867013,5.868304349299713,95.66874999999997,150.74583333333334,9.956612600867013,,-10.850000000000001,33.25,7.991398792773089
"Wien",1998,10.482025618986274,10.229567330599842,52.61111111111111,158.89444444444447,10.482025618986274,,-16.333333333333332,35.4,8.270172740417324
"Burgenland",1999,10.810317375244658,10.205113270404,47.88333333333334,158.30833333333334,10.810317375244658,,-13.3,34.2,10.106599241796678
"Kärnten",1999,7.356499321617007,7.41655420201295,78.68425925925925,151.42222222222222,7.356499321617007,,-15.833333333333336,28.733333333333334,9.513552432444493
"Niederösterreich",1999,8.794001531682099,9.203089401687063,68.49722222222222,129.1888888888889,8.794001531682099,,-14.366666666666667,33,9.479891289679424
"Oberösterreich",1999,9.181834620584688,9.276678541474677,60.299074074074056,142.36111111111111,9.181834620584688,,-15.133333333333333,33.6,9.324935693622958
"Salzburg",1999,1.7047318235896363,3.8220151274268446,114.66851851851852,124.5375,1.7047318235896363,76147.375,-22.3,20.900000000000002,7.569476934543631
"Steiermark",1999,10.331178437333516,8.619552949695471,62.542592592592584,152.284375,10.331178437333516,,-13.766666666666664,32.16666666666667,7.473649146961402
"Tirol",1999,8.690729674182972,2.576005407100744,82.66296296296295,157.14791666666667,8.690729674182972,,-16.866666666666667,33.13333333333333,7.740495217474595
"Vorarlberg",1999,9.548539741895485,5.960580011667437,133.70416666666665,136.69583333333333,9.548539741895485,,-13.85,31.8,7.891402859517272
"Wien",1999,10.395119278188746,10.139554307606373,56.608333333333334,157.29444444444445,10.395119278188746,,-10.633333333333333,34.83333333333333,8.134059791038084
"Burgenland",2000,11.834840079202843,11.24706342513546,48.58333333333334,179.2916666666666,11.834840079202843,,-12.2,36.3,10.160081442160726
"Kärnten",2000,8.356215861296807,8.480858641772773,83.20648148148146,174.30555555555557,8.356215861296807,,-17.500000000000004,29.733333333333338,9.765088926953384
"Niederösterreich",2000,9.512973739432116,10.086762279984473,66.9972222222222,137.73888888888888,9.512973739432116,,-19.23333333333333,33.83333333333333,9.929537740003212
"Oberösterreich",2000,9.928018586205868,9.980269330278263,66.80833333333334,154.93611111111107,9.928018586205868,,-17.6,33.13333333333333,10.00543350886529
"Salzburg",2000,2.977502047643212,4.609058577608116,133.47314814814814,141.31666666666663,2.977502047643212,78035.625,-22.93333333333333,22.066666666666666,8.521910062756183
"Steiermark",2000,11.26803077589771,9.663424696562302,58.88756613756614,177.81916666666663,11.26803077589771,,-14.866666666666665,35.05,8.408548202095156
"Tirol",2000,9.696461332267873,3.3342026431387475,95.34259259259257,171.00000000000003,9.696461332267873,,-17.433333333333334,32.333333333333336,8.67659729628937
"Vorarlberg",2000,10.681353099558105,6.656811431271394,111.21666666666665,150.68333333333334,10.681353099558105,,-16.15,34.75,8.910273168314568
"Wien",2000,11.455914209495715,11.175875688837676,39.650000000000006,172.42222222222225,11.455914209495715,,-10.333333333333334,36.733333333333334,9.215852292972537
"Burgenland",2001,10.695771228892127,10.29167022913202,41.074999999999996,159.15833333333336,10.695771228892127,,-13,35.5,10.75950612922232
"Kärnten",2001,7.695179973642775,8.097330192937706,55.962962962962955,170.07847222222225,7.695179973642775,,-16.366666666666667,28.933333333333334,10.044935968771332
"Niederösterreich",2001,8.57103453907522,9.038257759960661,61.51944444444444,127.43611111111113,8.57103453907522,,-19.6,32.56666666666666,9.819850610132802
"Oberösterreich",2001,8.915286270350686,9.04386890508995,71.83703703703704,138.99305555555554,8.915286270350686,,-18.633333333333333,32.73333333333333,9.466637244291318
"Salzburg",2001,1.5929348175508449,3.7463678243034444,129.29444444444442,136.63611111111112,1.5929348175508449,54842.28571428571,-23.566666666666666,21.633333333333333,7.494041365902344
"Steiermark",2001,10.452539036005136,8.973588276671062,36.75833333333334,174.09833333333333,10.452539036005136,,-14.100000000000001,33.150000000000006,7.445394927324946
"Tirol",2001,9.037931533229019,2.648299003160226,63.89907407407408,164.221875,9.037931533229019,,-17.466666666666665,32.833333333333336,7.713945239242195
"Vorarlberg",2001,9.90904613654059,6.122215478201297,152.95624999999995,148.025,9.90904613654059,,-14,32.25,7.981547558735269
"Wien",2001,10.283048027659392,10.097282178867472,43.03055555555555,154.74722222222223,10.283048027659392,26025,-14.133333333333333,35.36666666666667,8.25509991019701
"Burgenland",2002,11.4933912114463,11.022377627405506,49.325,166.10000000000002,11.4933912114463,,-12.4,35.9,10.235191188976103
"Kärnten",2002,7.5882826576141635,8.738400045789621,75.76388888888889,152.95000000000002,7.5882826576141635,,-15.433333333333332,30.96666666666666,9.662339913297908
"Niederösterreich",2002,9.42195519016735,10.013396366967509,91.5537037037037,132,9.42195519016735,,-17.8,33.599999999999994,9.739144644685574
"Oberösterreich",2002,9.833460748822114,10.01206510185187,97.28703703703701,148.025,9.833460748822114,,-15.166666666666668,33.03333333333333,9.724027567141878
"Salzburg",2002,2.5920221723829084,4.646622720947497,130.5981481481481,131.1277777777778,2.5920221723829084,41562.857142857145,-20.366666666666667,22.799999999999997,8.18582239608658
"Steiermark",2002,10.958805172619758,9.629387081287891,63.530952380952385,169.02333333333337,10.958805172619758,,-14.5,34.2,8.078905188321272
"Tirol",2002,9.89413576664097,3.6980964915621484,88.08703703703704,165.08020833333336,9.89413576664097,,-14.2,34.833333333333336,8.540075810126634
"Vorarlberg",2002,10.5339763995081,6.816384852579923,111.05833333333332,147.2625,10.5339763995081,,-12.25,31.15,8.762480051994784
"Wien",2002,11.025831948903878,10.954354630149686,66.83611111111112,162.16111111111115,11.025831948903878,12260,-12.833333333333332,34.7,9.000954292011137
"Burgenland",2003,11.037920835475674,10.642229829615786,28.025000000000002,197.2666666666667,11.037920835475674,,-14.9,38.5,10.69013402462969
"Kärnten",2003,6.937833074412686,8.417442544058847,71.45277777777777,175.50833333333333,6.937833074412686,,-17.899999999999995,32,9.885939604988277
"Niederösterreich",2003,8.645830914076791,9.405123508837917,52.777777777777786,160.82222222222222,8.645830914076791,,-19.26666666666667,35.400000000000006,9.636278634475442
"Oberösterreich",2003,9.333096710354445,9.801788775292305,45.467592592592595,176.2111111111111,9.333096710354445,,-17.5,34.800000000000004,9.39610269664471
"Salzburg",2003,2.3719097211051396,4.462329558526435,164.77222222222218,166.81388888888893,2.3719097211051396,46601.2,-21.03333333333333,21.766666666666666,7.665318251084964
"Steiermark",2003,10.435532460843081,9.088532665423942,39.52857142857143,198.6091666666667,10.435532460843081,,-18.2,36.699999999999996,7.544840576158445
"Tirol",2003,9.267920689260846,3.349754404647253,66.26388888888887,185.80555555555557,9.267920689260846,,-15.866666666666667,37.099999999999994,8.010858099128077
"Vorarlberg",2003,10.394968799783744,6.687346054544845,75.60624999999999,179.58750000000003,10.394968799783744,,-12.45,35.65,8.360685676269467
"Wien",2003,10.620487152387794,10.496612806702316,33.480555555555554,188.38055555555556,10.620487152387794,20236,-14.833333333333334,37.53333333333333,8.618163764676137
"Burgenland",2004,10.555277446662512,10.003743949555595,41.19166666666668,159.075,10.555277446662512,,-15.9,34.6,10.25483730978761
"Kärnten",2004,6.365653148380572,7.613006638811667,85.11944444444443,151.63888888888889,6.365653148380572,,-15.9,28.366666666666664,9.44086144729511
"Niederösterreich",2004,8.397459267477025,8.99398006847374,66.61666666666666,131.13055555555553,8.397459267477025,,-19.6,31.4,9.266769162938346
"Oberösterreich",2004,8.801667490146311,9.064866215254623,60.84074074074074,147.46944444444443,8.801667490146311,,-15.7,30.633333333333333,8.948108901010858
"Salzburg",2004,1.4827245425787852,3.8118685004725146,118.77777777777776,130.69166666666666,1.4827245425787852,94178.33333333333,-19.8,19.5,7.120556379049057
"Steiermark",2004,9.588596654285862,8.35283272507907,62.95833333333332,153.93854166666665,9.588596654285862,,-13.333333333333332,33.33333333333333,6.9272202205737266
"Tirol",2004,8.58055294610144,3.0736519410276064,71.29444444444445,155.09722222222226,8.58055294610144,,-14.600000000000001,32.13333333333333,7.3702001801179
"Vorarlberg",2004,9.743031797777913,6.1948153683607,377.92708333333337,148.86249999999995,9.743031797777913,,-9.15,29.6,7.639314686178078
"Wien",2004,10.15400623664836,10.014127850903035,54.36666666666667,155.53333333333333,10.15400623664836,80601.33333333333,-13.733333333333334,32.56666666666666,7.909782435478488
"Burgenland",2005,10.700121967017708,9.833404317308332,48.99166666666667,185.55,10.700121967017708,,-11.6,35.8,9.753261920366272
"Kärnten",2005,5.96220801033986,7.367838966112526,93.9222222222222,160.85555555555553,5.96220801033986,,-19.566666666666666,29.5,9.027984191577072
"Niederösterreich",2005,8.076097825258687,8.676340159575576,77.62499999999999,139.38333333333333,8.076097825258687,,-19.299999999999997,33.9,8.927093167408522
"Oberösterreich",2005,8.537592681408743,8.791122507395164,64.55277777777776,156.86666666666665,8.537592681408743,,-17.166666666666664,34.13333333333333,8.686005344134688
"Salzburg",2005,0.9116720520924678,3.407533752866873,123.36111111111111,136.04166666666663,0.9116720520924678,,-24.3,23.133333333333333,6.83753850722351
"Steiermark",2005,8.929321204067024,8.006228342880632,73.63888888888887,166.43611111111113,8.929321204067024,,-17.166666666666664,32.733333333333334,6.483378354633373
"Tirol",2005,8.228177503448023,2.8104609109409915,70.17499999999998,159.85555555555555,8.228177503448023,,-16.966666666666665,33.93333333333333,6.936572253255006
"Vorarlberg",2005,9.47742331015409,5.81781602784447,88.22291666666666,159.54583333333332,9.47742331015409,,-14.55,31.75,7.216837350234087
"Wien",2005,9.931339312238245,9.692874516843766,50.96944444444445,171.7888888888889,9.931339312238245,84103.16666666667,-13.799999999999999,35.16666666666667,7.495586676399988
"Burgenland",2006,11.317190277776453,10.535660677099356,46.775000000000006,184.50000000000003,11.317190277776453,,-16.9,36.7,9.576690321536784
"Kärnten",2006,6.74702340753042,8.049216796939026,69.39999999999999,164.65,6.74702340753042,,-18.833333333333336,31.666666666666668,9.140230762229463
"Niederösterreich",2006,8.549528569094784,9.077156192398999,69.05555555555554,143.9138888888889,8.549528569094784,,-20.933333333333334,32.833333333333336,9.204500975358815
"Oberösterreich",2006,8.999977471817333,9.2155238631246,65.3824074074074,155.08333333333331,8.999977471817333,,-17.333333333333336,32.93333333333333,9.109011807691465
"Salzburg",2006,1.2604001073192714,4.379877380101681,118.68425925925928,148.0333333333333,1.2604001073192714,,-19.833333333333332,21.666666666666664,7.37482396670767
"Steiermark",2006,9.441706613278697,8.482121270035972,60.57777777777778,171.0805555555556,9.441706613278697,,-17.9,33.199999999999996,6.999727233808119
"Tirol",2006,8.798036760080683,3.6727552282653004,63.74722222222222,168.35833333333335,8.798036760080683,,-16.833333333333332,35,7.4099299043181714
"Vorarlberg",2006,10.09912574085407,6.459493354892069,99.97916666666666,158.3875,10.09912574085407,,-12.4,32.3,7.719849338670029
"Wien",2006,10.479548424542728,10.209635682665045,55.9638888888889,178.28611111111113,10.479548424542728,84909.83333333334,-16.96666666666667,35.1,8.015763529215107
"Burgenland",2007,12.232891473856915,11.434678824956821,57.091666666666654,190.65833333333333,12.232891473856915,,-6.4,39,10.210261802522636
"Kärnten",2007,7.4985551664119425,8.956825868020912,75.21666666666665,183.93333333333334,7.4985551664119425,,-11.7,31.03333333333333,9.821631513149285
"Niederösterreich",2007,9.62741017288575,10.157401422971093,85.3722222222222,152.97222222222223,9.62741017288575,,-12.4,35.13333333333334,9.987506195710298
"Oberösterreich",2007,10.136921070176406,10.300841866364802,72.50462962962962,161.55729166666669,10.136921070176406,,-10.633333333333333,33.56666666666666,9.995065261574764
"Salzburg",2007,1.164759361868052,4.542653891641087,129.83796296296296,146.41944444444448,1.164759361868052,,-17.3,22.866666666666667,8.132107449039829
"Steiermark",2007,10.348775337850597,9.520678785066268,65.43888888888887,176.96944444444443,10.348775337850597,,-9.866666666666665,36.199999999999996,7.755284221838565
"Tirol",2007,9.567932599588776,3.8952795841280743,78.66388888888888,172.30555555555557,9.567932599588776,,-10.5,35.2,8.16915970847393
"Vorarlberg",2007,10.579229817165983,6.870000934395823,102.91874999999997,160.74583333333328,10.579229817165983,,-8.8,33.1,8.359523637329977
"Wien",2007,11.381793684366784,11.317384391214393,71.04166666666666,178.41111111111113,11.381793684366784,98375.54545454546,-8.4,37.06666666666666,8.608498160168052
"Burgenland",2008,12.080639781557505,11.159410123116494,51.316666666666656,180.76666666666668,12.080639781557505,,-8.1,33.9,10.791674244105943
"Kärnten",2008,7.254649118934198,8.636962415189997,85.46666666666667,168.35833333333332,7.254649118934198,,-12.733333333333334,28.26666666666667,10.172849000322664
"Niederösterreich",2008,9.4110129822386,9.928096394547204,70.75277777777777,141.01388888888886,9.4110129822386,,-11.933333333333334,31.833333333333332,10.14146507685263
"Oberösterreich",2008,9.77502281511715,9.904111267129393,58.93333333333333,155.30729166666666,9.77502281511715,,-9.233333333333333,31.833333333333336,9.980623676442862
"Salzburg",2008,1.055221065696891,4.419862402520313,128.32499999999996,152.46361111111108,1.055221065696891,,-17.633333333333333,21.233333333333334,7.9153091527088835
"Steiermark",2008,10.404550695627476,9.504515240389294,67.13888888888887,167.20000000000005,10.404550695627476,,-10.433333333333334,33.83333333333333,7.580091335522877
"Tirol",2008,9.453560663102282,3.7385938452794996,78.15185185185183,156.05925925925928,9.453560663102282,,-12.766666666666666,32.766666666666666,8.019873644356494
"Vorarlberg",2008,10.2465977040006,6.787410550866729,107.89583333333333,156.23750000000004,10.2465977040006,,-9,31.35,8.186990588708895
"Wien",2008,11.222741158746555,11.040540281937515,55.43611111111112,164.57222222222228,11.222741158746555,101589.7,-10.433333333333334,32.46666666666667,8.476534257434775
"Burgenland",2009,11.75917906422091,10.77350106718832,47.233333333333356,179.44999999999996,11.75917906422091,,-13.1,35.2,10.61732585713958
"Kärnten",2009,7.10350294753404,8.46201717166701,93.3888888888889,178.6888888888889,7.10350294753404,,-17.2,28.5,9.957116307520893
"Niederösterreich",2009,9.056548233736534,9.493016793781496,83.04166666666666,140.29166666666666,9.056548233736534,,-16.733333333333334,33.699999999999996,9.877713821647744
"Oberösterreich",2009,9.5142803829426,9.614467237217871,80.83888888888887,155.35833333333338,9.5142803829426,,-15.766666666666666,34.900000000000006,9.731250357436144
"Salzburg",2009,0.8503326365863318,4.162732256381765,125.3611111111111,150.44270833333334,0.8503326365863318,,-21.833333333333336,21.966666666666665,7.656768653004099
"Steiermark",2009,10.107898759910755,9.160283474779737,83.41666666666666,166.6805555555556,10.107898759910755,,-16.466666666666665,34.13333333333334,7.326512592142068
"Tirol",2009,9.252495999061455,3.4539599969651618,88.08240740740739,162.22037037037038,9.252495999061455,,-14.766666666666666,33.10000000000001,7.756311202447551
"Vorarlberg",2009,10.403194430160971,6.963855249559996,119.07499999999997,159.28750000000002,10.403194430160971,,-12.7,32.7,8.025640441732438
"Wien",2009,10.84575138886445,10.608172436955991,69.79166666666664,166.01666666666662,10.84575138886445,13119.5,-15.066666666666665,33.733333333333334,8.291934642916809
"Burgenland",2010,10.305140861647036,9.772613945220513,59.84166666666667,165.16666666666669,10.305140861647036,,-14.9,35.3,10.18289628792895
"Kärnten",2010,6.20378598239444,7.673587981068147,86.29722222222219,162.57777777777778,6.20378598239444,,-15.766666666666667,31.066666666666666,9.402073732425686
"Niederösterreich",2010,8.03794206622389,8.362629435451897,67.91111111111113,131.24722222222226,8.03794206622389,,-18.700000000000003,33.13333333333334,9.159162945858172
"Oberösterreich",2010,8.495823345984302,8.491616516721097,72.42499999999998,144.57777777777778,8.495823345984302,,-15.433333333333332,33.33333333333333,8.777688729022838
"Salzburg",2010,0.586548614164685,3.4434542257771374,100.18055555555553,132.6,0.586548614164685,,-20.366666666666667,22.166666666666668,6.725848174082884
"Steiermark",2010,9.311516238360449,8.160767183721118,68.33055555555556,150.66944444444445,9.311516238360449,,-14.533333333333333,34.36666666666666,6.527123249425567
"Tirol",2010,8.537555175555891,2.6992490921872556,84.66944444444442,154.53611111111115,8.537555175555891,,-12.7,34.13333333333333,6.993877088057857
"Vorarlberg",2010,9.335409000882388,5.894069534572901,137.67499999999998,144.30833333333334,9.335409000882388,,-11,35.15,7.253370474989557
"Wien",2010,9.690573827557072,9.506289593088642,67.45833333333333,152.67500000000004,9.690573827557072,,-15.533333333333333,34,7.492320571304111
"Burgenland",2011,11.310579691560855,10.695706481665518,43.50000000000001,194.95833333333337,11.310579691560855,,-11,36.2,9.637126786783345
"Kärnten",2011,7.487663458916463,8.649055887259477,70.79999999999997,195.15277777777777,7.487663458916463,,-14.033333333333333,30.5,9.272356230894548
"Niederösterreich",2011,9.138011762996411,9.697362958874724,55.4388888888889,158.09722222222223,9.138011762996411,,-13,35.46666666666667,9.392447548382652
"Oberösterreich",2011,9.704287627572418,9.867525281122015,61.22777777777779,168.39444444444445,9.704287627572418,,-12.566666666666666,35.86666666666667,9.466223273720658
"Salzburg",2011,2.0671106060264783,5.116060902489782,85.62923280423277,154.5600694444444,2.0671106060264783,,-18.266666666666666,21.85,7.941530629414539
"Steiermark",2011,9.98397924928536,9.035295276105686,58.019444444444446,180.54722222222222,9.98397924928536,,-10.966666666666667,34.1,7.67621054095944
"Tirol",2011,9.579749180444914,4.4501914341984765,78.88333333333333,184.48055555555553,9.579749180444914,,-13.633333333333333,34.63333333333334,8.09462768526513
"Vorarlberg",2011,10.53951754773864,7.579911714669762,113.97916666666664,175.19166666666666,10.53951754773864,,-9.600000000000001,34.3,8.374928842213576
"Wien",2011,10.834928824905374,10.652404316422937,42.48333333333332,182.02777777777777,10.834928824905374,,-10.833333333333336,36,8.601057081680167
"Burgenland",2012,11.786439620992127,11.045272675808793,40.31666666666666,191.37500000000003,11.786439620992127,,-15.3,37.8,10.544922884673298
"Kärnten",2012,7.237034702896412,8.702579628769648,98.97777777777776,190.79999999999998,7.237034702896412,,-17.566666666666666,30.633333333333333,9.995533975395508
"Niederösterreich",2012,9.127916003480443,9.62410646427875,72.07777777777778,154.4722222222222,9.127916003480443,,-20.933333333333334,35.46666666666666,9.905167340002615
"Oberösterreich",2012,9.56751897566433,9.682045930165488,71.16944444444445,162.97222222222223,9.56751897566433,,-18.233333333333334,34.166666666666664,9.710767625587753
"Salzburg",2012,1.6740030429404968,4.440284242135058,103.38743386243387,142.71388888888887,1.6740030429404968,,-24.450000000000003,23.133333333333333,7.878582469194777
"Steiermark",2012,10.27419923838861,9.407742036440972,77.84166666666667,181.85833333333335,10.27419923838861,,-16.93333333333333,33.733333333333334,7.576134392674073
"Tirol",2012,9.337663563033148,3.6609803640143066,99.85277777777776,164.8638888888889,9.337663563033148,,-17.53333333333333,33.93333333333333,7.996260164701421
"Vorarlberg",2012,10.212288678479304,6.706932238850806,130.0958333333333,159.21249999999998,10.212288678479304,,-16.9,32.7,8.213134699701193
"Wien",2012,11.088312491938627,10.813887503946022,48.19166666666666,178.98611111111114,11.088312491938627,,-16.299999999999997,36.233333333333334,8.517293402956053
"Burgenland",2013,11.304488826797671,10.611208760331353,39.54166666666668,173.0666666666667,11.304488826797671,,-11.2,40.3,10.443390559727488
"Kärnten",2013,7.066783368791912,8.534660603980008,81.08333333333333,160.75833333333333,7.066783368791912,,-13.733333333333333,33.733333333333334,9.801907385808148
"Niederösterreich",2013,8.879651522334914,9.362181085146803,74.18055555555551,138.32777777777775,8.879651522334914,,-13.333333333333332,36.60000000000001,9.710304977668502
"Oberösterreich",2013,9.325074146704255,9.434253094795421,66.29444444444444,143.38333333333335,9.325074146704255,,-12.600000000000001,36,9.532862071313492
"Salzburg",2013,1.4441424624170993,4.392787459709442,99.11018518518516,140.08055555555558,1.4441424624170993,,-18.733333333333334,23.666666666666664,7.604028065409186
"Steiermark",2013,10.137511794864626,9.238613778425837,74.88333333333334,155.58055555555555,10.137511794864626,,-11.333333333333336,38.266666666666666,7.370632659022577
"Tirol",2013,9.155718263844458,3.3603404191015125,90.98055555555551,155.5666666666667,9.155718263844458,,-12.2,37.06666666666666,7.788419638033086
"Vorarlberg",2013,9.427379211012902,6.239693629736328,133.57499999999996,145.8708333333333,9.427379211012902,,-11.1,37.35,7.897965175768683
"Wien",2013,10.659583738875423,10.439779660018267,56.44166666666666,160.1833333333333,10.659583738875423,,-11.9,38.56666666666666,8.164867094202917
"Burgenland",2014,12.363798545439328,11.622746512883511,62.616666666666674,167.70000000000005,12.363798545439328,,-10.9,35.7,10.348798310807362
"Kärnten",2014,8.044695916062333,9.49000619578322,109.6444444444444,155.25555555555556,8.044695916062333,,-14.566666666666666,29.86666666666667,9.930235135046903
"Niederösterreich",2014,9.99537329923492,10.4451903500731,69.24999999999997,135.95833333333331,9.99537329923492,,-11.233333333333333,33.833333333333336,10.098166142124995
"Oberösterreich",2014,10.445008558599216,10.571672554323499,66.50833333333333,146.74166666666667,10.445008558599216,,-11.733333333333334,34.233333333333334,10.301692011642258
"Salzburg",2014,2.500604533362324,5.6602071863479475,109.92129629629628,127.09166666666667,2.500604533362324,,-18.033333333333335,21.633333333333333,8.669896170539637
"Steiermark",2014,11.067562524530198,10.10042063059505,81.94722222222221,148.61388888888888,11.067562524530198,,-10.333333333333336,33.900000000000006,8.410648966357812
"Tirol",2014,10.263600436046026,4.681368896870756,99.41388888888886,151.5888888888889,10.263600436046026,,-10.466666666666669,33.96666666666667,8.85442987035455
"Vorarlberg",2014,11.181467340183556,8.076658631379097,113.80416666666667,157.97916666666666,11.181467340183556,,-8.850000000000001,34.3,9.091648678544278
"Wien",2014,11.716183153919765,11.568519254216291,62.14166666666665,158.67777777777778,11.716183153919765,,-9.866666666666667,33.36666666666667,9.345883597608388
"Burgenland",2015,12.271559717894037,11.812161151655058,37.21666666666666,184.04166666666666,12.271559717894037,,-6,37.5,11.300074634514731
"Kärnten",2015,7.938481440847278,9.298268547107037,79.03888888888889,187.24166666666667,7.938481440847278,,-11.099999999999998,30.966666666666665,10.674258417778146
"Niederösterreich",2015,10.052736867592717,10.545734026121691,48.01666666666668,150.56111111111113,10.052736867592717,,-8.600000000000001,36.3,10.632085704087485
"Oberösterreich",2015,10.463992840894718,10.703980455298492,52.988888888888894,154.85833333333332,10.463992840894718,,-8.499999999999998,36.00000000000001,10.488590804229718
"Salzburg",2015,2.381947940782333,5.327829100689133,91.48518518518517,157.31388888888884,2.381947940782333,,-17.1,23.366666666666667,8.62174376160223
"Steiermark",2015,10.781226767830022,10.039336837317606,58.474999999999994,172.53888888888892,10.781226767830022,,-8.1,35.43333333333333,8.323677171589427
"Tirol",2015,9.888255385953531,4.458919272718808,74.26944444444445,172.56944444444443,9.888255385953531,,-9.133333333333333,36,8.713631960610678
"Vorarlberg",2015,10.741914805635783,7.543073643313196,107.12083333333331,166.575,10.741914805635783,,-7.55,35.400000000000006,8.851467548219292
"Wien",2015,11.762473468628293,11.712133100705138,40.29444444444445,172.40833333333333,11.762473468628293,,-6.166666666666667,37.03333333333333,9.111163673766006
"Burgenland",2016,11.389392415548322,11.168997959265463,49.20833333333334,184.95000000000005,8.5568776213185,,-8.9,29.4,10.912652568719205
"Kärnten",2016,7.555934186033863,8.916138079044899,102.21388888888886,177.99166666666665,7.555934186033863,,-12.3,28.433333333333334,10.267594052359973
"Niederösterreich",2016,9.405376012546855,9.873078574522122,75.81388888888888,142.9111111111111,9.405376012546855,,-18.133333333333333,32.66666666666667,10.171018177678638
"Oberösterreich",2016,9.743561349203564,9.913441819380095,82.075,150.7722222222222,9.743561349203564,,-13.799999999999999,32.93333333333333,9.971347486392194
"Salzburg",2016,1.883198208988991,4.902331673741165,114.62499999999994,134.62222222222223,1.883198208988991,,-18.566666666666666,21.86666666666666,7.995492434464333
"Steiermark",2016,10.441801107112957,9.690852832854427,71.72777777777776,169.4,10.441801107112957,,-10.266666666666666,32.03333333333334,7.80597417277726
"Tirol",2016,9.649155186456236,4.100209239885902,88.93055555555553,157.57777777777778,9.649155186456236,,-12.366666666666667,33.3,8.224618372861734
"Vorarlberg",2016,10.455248149980395,7.126527150299483,134.6916666666666,151.54583333333332,10.455248149980395,,-10.350000000000001,31.7,8.434592800348442
"Wien",2016,11.180094105219268,11.065994168897824,60.52222222222223,168.675,11.180094105219268,,-11.666666666666666,33.86666666666667,8.721899351551583
"Burgenland",2017,11.433121996424,11.24441325369359,47.025000000000006,186.45,11.433121996424,,-13.5,36.6,10.631884109038584
"Kärnten",2017,7.372705720767079,8.577579162021062,91.71666666666665,189.48055555555553,7.372705720767079,9943.5,-16.700000000000003,30.56666666666667,10.018065031769408
"Niederösterreich",2017,9.434472591990962,9.952800172755074,68.76944444444445,156.42222222222222,9.434472591990962,,-17.43333333333333,35.800000000000004,9.975128512876354
"Oberösterreich",2017,9.723325572893527,10.01043692545392,68.50555555555555,160.0583333333333,9.723325572893527,769.5,-15.500000000000002,35.43333333333333,9.82874399745898
"Salzburg",2017,1.6581832051330578,4.411747421968359,126.32870370370367,149.11388888888888,1.6581832051330578,79417.5,-23.733333333333334,23.46666666666667,7.9243618174417385
"Steiermark",2017,10.306422841174733,9.589431939713501,63.86388888888889,177.6638888888889,10.306422841174733,194,-14.966666666666667,34.699999999999996,7.699021986391886
"Tirol",2017,9.50657180651652,3.785982122365185,95.74999999999999,168.08888888888887,9.50657180651652,970.75,-16.533333333333335,35,8.125795203541774
"Vorarlberg",2017,10.490888810666759,6.779493991548816,136.23333333333332,164.89583333333331,10.490888810666759,,-13.75,34.05,8.337078447276934
"Wien",2017,11.279555496347909,11.172845860807113,49.775,176.43611111111116,11.279555496347909,84.5,-13.400000000000002,37.766666666666666,8.64832443196781
"Burgenland",2018,12.289663955942766,11.975945270097316,43.433333333333344,188.13333333333338,12.289663955942766,,-13.7,34.6,10.774620582129751
"Kärnten",2018,7.8720333057114935,9.156406940094849,73.77222222222223,171.25000000000003,7.8720333057114935,7129.583333333333,-19.466666666666665,29.400000000000002,10.287742675037103
"Niederösterreich",2018,10.270862358108737,10.864411101118494,59.82777777777777,155.23333333333335,10.270862358108737,,-16.7,34.33333333333333,10.440600785355546
"Oberösterreich",2018,10.885400662983228,11.059554371386456,54.25277777777777,168.45833333333331,10.885400662983228,573,-14.100000000000001,35.099999999999994,10.519503155818839
"Salzburg",2018,2.548820528226249,5.709180439884175,94.27129629629628,144.95833333333331,2.548820528226249,131529.6666666667,-24.9,21.9,8.773356162194506
"Steiermark",2018,11.020237118275896,10.08594237576807,68.65833333333335,166.9722222222222,11.020237118275896,239.99999999999997,-16.13333333333333,33.03333333333333,8.519470794661132
"Tirol",2018,10.465794130337116,4.716344343848694,76.63888888888889,169.63333333333333,10.465794130337116,2877.3888888888887,-15.933333333333335,34.766666666666666,9.038222959586257
"Vorarlberg",2018,11.714587567082496,7.914286729382702,86.02499999999999,180.83750000000003,11.714587567082496,,-12.15,35.1,9.326968001381008
"Wien",2018,12.068677729105879,12.000444620133047,51.18888888888889,176.27777777777777,12.068677729105879,117.375,-14.733333333333333,35.49999999999999,9.563623414605539
"Burgenland",2019,12.336867869191728,12.179076159583568,45.65833333333333,174.4666666666667,12.336867869191728,,-6.8,36.7,11.521232882798635
"Kärnten",2019,8.072337813189758,9.213623679478177,87.29722222222222,174.2833333333333,8.072337813189758,3273.3521825396824,-11.766666666666666,32.86666666666666,10.931653021781408
"Niederösterreich",2019,10.299138992718612,10.852428672320386,60.702777777777776,150.85833333333335,10.299138992718612,,-11.099999999999998,35.63333333333334,10.898321994257707
"Oberösterreich",2019,10.480784842144697,10.7810307089654,61.51111111111111,161.525,10.480784842144697,2331.7,-9.466666666666665,35.1,10.651561449270147
"Salzburg",2019,2.3478152490117608,5.397570798045766,112.53148148148145,138.46666666666664,2.3478152490117608,104456.7,-17.133333333333336,24.566666666666666,8.707388953251323
"Steiermark",2019,11.289991300202388,10.429044157183416,60.33611111111111,166.66666666666669,11.289991300202388,940.3428571428572,-9.566666666666665,36.2,8.498013639453456
"Tirol",2019,10.047772967736488,4.407058631571106,102.76111111111112,158.5388888888889,10.047772967736488,6005.703125,-10.266666666666666,37.06666666666666,8.893100670362802
"Vorarlberg",2019,11.100332268967842,7.517096426864675,124.65000000000002,161.94583333333333,11.100332268967842,,-7.949999999999999,35.05,9.053339325612647
"Wien",2019,12.072845247182844,11.977966290263932,50.8138888888889,170.08055555555555,12.072845247182844,61.300000000000004,-9.233333333333334,37,9.371751406620277
"Burgenland",2020,11.725715890551202,11.521695476541598,59.68333333333333,177.63333333333335,11.725715890551202,,-6.5,34.1,11.247331534928165
"Kärnten",2020,7.7531849779175115,8.978922604831007,89.01666666666665,176.3694444444444,7.7531849779175115,2178.648611111111,-9.766666666666667,28.9,10.539970270471189
"Niederösterreich",2020,9.765454708706237,10.295517803068247,75.91944444444444,150.68888888888887,9.765454708706237,,-8.399999999999999,33.06666666666667,10.483506618665139
"Oberösterreich",2020,10.118916695997326,10.27635329334551,71.42499999999998,155.7111111111111,10.118916695997326,62.36666666666667,-7.533333333333333,33.13333333333333,10.287223504071036
"Salzburg",2020,2.3779394093504913,5.269947110889691,95.85185185185183,137.09444444444443,2.3779394093504913,98744.63333333333,-15.200000000000001,22.266666666666666,8.348242336504565
"Steiermark",2020,10.548111289702916,9.603493718201577,72.25277777777777,169.56944444444443,10.548111289702916,95.08571428571429,-7.333333333333334,33.16666666666667,8.112721416334908
"Tirol",2020,9.764843147058842,4.302167481635995,102.42777777777778,159.26388888888889,9.764843147058842,2103.0138888888887,-9.633333333333335,34.13333333333333,8.515053050163175
"Vorarlberg",2020,11.13118950361547,7.621755357998106,123.60416666666664,168.29999999999998,11.13118950361547,,-5.55,33.3,8.788200009145022
"Wien",2020,11.525133792799794,11.387675056788945,58.43333333333332,163.66111111111107,11.525133792799794,4.525,-6.466666666666667,35.199999999999996,9.069443428505515
"Burgenland",2021,11.089718183769559,10.900668406162014,41.25833333333334,184.64999999999998,11.089718183769559,,-9.4,35.2,10.81179918338933
"Kärnten",2021,6.893465115997142,7.983483892737158,72.86666666666666,180.63611111111106,6.893465115997142,7909.083333333332,-15.366666666666667,28.900000000000002,10.080869948648175
"Niederösterreich",2021,9.046429322248295,9.604551190729563,57.23888888888889,147.29444444444442,9.046429322248295,,-13.266666666666667,33,9.937187183686065
"Oberösterreich",2021,9.212173652659098,9.447241770283991,68.07500000000002,152.71666666666667,9.212173652659098,595.9142857142858,-12.333333333333334,32.8,9.55338401349479
"Salzburg",2021,1.2974717580688817,4.319752076919614,84.46944444444442,142.17222222222222,1.2974717580688817,117520.50000000001,-20.566666666666666,21.599999999999998,7.507851606548607
"Steiermark",2021,10.073003268936564,9.170478983382957,55.90555555555556,175.3361111111111,10.073003268936564,646.0285714285715,-11.299999999999999,34.63333333333334,7.3045086235820085
"Tirol",2021,8.870750618177508,3.372615297776417,83.91111111111108,164.91388888888892,8.870750618177508,9027.486111111111,-14.666666666666668,32.79999999999999,7.699965724018082
"Vorarlberg",2021,9.937788309454966,6.233982054787532,134.61666666666662,152.11666666666667,9.937788309454966,,-11.45,31.700000000000003,7.878237521459416
"Wien",2021,10.882573939463406,10.692648144710622,43.741666666666674,172.86111111111111,10.882573939463406,70.925,-9.133333333333333,36.400000000000006,8.212317578820278
"Burgenland",2022,12.13130841033333,11.925501018302525,33.64166666666667,181.89166666666668,12.13130841033333,,-8.4,36,10.379084909273168
"Kärnten",2022,8.204249875599823,9.247532407247425,64.55277777777776,181.2305555555556,8.204249875599823,4664.416666666666,-11.733333333333333,31.433333333333334,10.00533423060582
"Niederösterreich",2022,10.03849833750834,10.636921529332561,57.3888888888889,151.56388888888887,10.03849833750834,,-12.433333333333334,34.46666666666667,10.238883774471986
"Oberösterreich",2022,10.413385630649472,10.644923059801185,76.25555555555556,154.21666666666667,10.413385630649472,296.44,-13.366666666666667,34.266666666666666,10.334003238710888
"Salzburg",2022,2.4806972910314213,5.58260746979809,76.00925925925924,144.42222222222222,2.4806972910314213,43687.41666666666,-18.1,23.1,8.653627909024491
"Steiermark",2022,10.970822973898118,10.303490656151348,52.08611111111111,168.5722222222222,10.970822973898118,5.428571428571428,-9.3,35.266666666666666,8.421530821737448
"Tirol",2022,10.36077619621399,4.913112331330563,73.6611111111111,169.93055555555554,10.36077619621399,1292.5694444444443,-12.766666666666667,35.26666666666667,8.852836085860282
"Vorarlberg",2022,11.645152608966724,7.8173226719336935,114.06666666666666,172.37083333333334,11.645152608966724,,-8.9,35.3,9.17416694015196
"Wien",2022,11.950116605712168,11.785530783751518,38.24722222222222,170.83055555555555,11.950116605712168,14.1,-8.666666666666668,36.49999999999999,9.481513135164498
"Burgenland",2023,12.358323786966118,12.151777786781041,65.15833333333333,169.38333333333335,12.358323786966118,,-8.6,34.8,11.457038434351437
"Kärnten",2023,8.083455581686046,9.389179397844153,116.74722222222218,163.75,8.083455581686046,5157.805555555555,-12.866666666666667,29.766666666666666,10.879564955909023
"Niederösterreich",2023,10.507770900785719,11.060488201292905,68.25277777777777,144.21944444444443,10.507770900785719,,-15.266666666666667,34.36666666666666,10.90896389682337
"Oberösterreich",2023,10.893759497536305,11.002874200282173,78.16666666666666,153.07222222222222,10.893759497536305,372.91111111111115,-14.466666666666667,35.066666666666656,10.758685274537285
"Salzburg",2023,2.533973602626865,5.809551965381807,103.47037037037036,128.1722222222222,2.533973602626865,54545.15,-16.166666666666668,24.333333333333332,8.875456673920224
"Steiermark",2023,11.003407227405438,10.263274039034526,76.64444444444445,154.00625,11.003407227405438,365.42857142857144,-9.8,33.733333333333334,8.604473362008088
"Tirol",2023,10.547011128228515,4.964507258011201,94.29999999999998,151.23888888888888,10.547011128228515,772.4166666666666,-9.033333333333331,35.599999999999994,9.097184471316583
"Vorarlberg",2023,11.860428535700526,8.101014233740315,138.32499999999996,153.71249999999995,11.860428535700526,,-7.6,36,9.367715998299545
"Wien",2023,12.39699839469963,12.181465406916733,61.394444444444446,161.86388888888894,12.39699839469963,210.075,-10.866666666666665,35.900000000000006,9.66836377773221
"Burgenland",2024,13.203140851746538,12.840811315431516,63.26666666666666,188.6833333333333,13.203140851746538,,-9.8,35.2,11.802197227556146
"Kärnten",2024,8.819652344069429,9.636668442720591,94.15555555555554,170.54166666666669,8.819652344069429,3359.90625,-12.033333333333335,29.566666666666666,11.365446250888944
"Niederösterreich",2024,10.983512108385897,11.650722711439947,87.21111111111112,152.3972222222222,10.983512108385897,,-11.933333333333334,33.733333333333334,11.45274644692042
"Oberösterreich",2024,11.326927728012988,11.445335129467436,76.97500000000002,152.95833333333334,11.326927728012988,5.6000000000000005,-10.833333333333332,34.13333333333333,11.346046285382913
"Salzburg",2024,3.314804953734553,6.354181316959714,113.67962962962962,139.7861111111111,3.314804953734553,57954.25,-17.433333333333334,23.7,9.529607597189898
"Steiermark",2024,11.688111543346277,10.89541471496495,71.54166666666667,163.75937500000003,11.688111543346277,6.057142857142857,-9.933333333333334,33.49999999999999,9.226601735509846
"Tirol",2024,10.75060661599561,5.116576587925649,95.25555555555553,153.125,10.75060661599561,291.7361111111111,-9.633333333333333,33.7,9.612792589895081
"Vorarlberg",2024,11.618797500551471,8.253216666764533,143.0708333333333,142.35416666666666,11.618797500551471,,-7.95,33.7,9.739849668328196
"Wien",2024,12.84034499259553,12.79415249488245,67.56111111111109,177.85555555555558,12.84034499259553,5.450000000000001,-11.133333333333333,35.1,10.042533121244704
