"Datum","Year","Sesson","Sum(Sum(SA_Nächtigungen))"
"1974-01-01",1974,"Winter_Haupt",5581626
"1974-02-01",1974,"Winter_Haupt",5580351
"1974-03-01",1974,"Winter_Haupt",5994098
"1974-04-01",1974,"Übergang",4843727
"1974-05-01",1974,"Sommer_Neben",4083886
"1974-06-01",1974,"Sommer_Neben",9111958
"1974-07-01",1974,"Sommer_Haupt",21202790
"1974-08-01",1974,"Sommer_Haupt",24803977
"1974-09-01",1974,"Sommer_Neben",9461435
"1974-10-01",1974,"Übergang",2568584
"1974-11-01",1974,"Übergang",1215196
"1974-12-01",1974,"Winter_Haupt",5258506
"1975-01-01",1975,"Winter_Haupt",6296934
"1975-02-01",1975,"Winter_Haupt",6498262
"1975-03-01",1975,"Winter_Haupt",8513206
"1975-04-01",1975,"Übergang",3336488
"1975-05-01",1975,"Sommer_Neben",4809328
"1975-06-01",1975,"Sommer_Neben",9446767
"1975-07-01",1975,"Sommer_Haupt",24949936
"1975-08-01",1975,"Sommer_Haupt",22923048
"1975-09-01",1975,"Sommer_Neben",8875202
"1975-10-01",1975,"Übergang",2723754
"1975-11-01",1975,"Übergang",1236795
"1975-12-01",1975,"Winter_Haupt",5782258
"1976-01-01",1976,"Winter_Haupt",6945092
"1976-02-01",1976,"Winter_Haupt",7283543
"1976-03-01",1976,"Winter_Haupt",6407335
"1976-04-01",1976,"Übergang",5240361
"1976-05-01",1976,"Sommer_Neben",4225927
"1976-06-01",1976,"Sommer_Neben",9871341
"1976-07-01",1976,"Sommer_Haupt",23977697
"1976-08-01",1976,"Sommer_Haupt",22133849
"1976-09-01",1976,"Sommer_Neben",9050150
"1976-10-01",1976,"Übergang",2850000
"1976-11-01",1976,"Übergang",1252049
"1976-12-01",1976,"Winter_Haupt",5294998
"1977-01-01",1977,"Winter_Haupt",7634971
"1977-02-01",1977,"Winter_Haupt",7905493
"1977-03-01",1977,"Winter_Haupt",6856720
"1977-04-01",1977,"Übergang",5287386
"1977-05-01",1977,"Sommer_Neben",4700974
"1977-06-01",1977,"Sommer_Neben",10106491
"1977-07-01",1977,"Sommer_Haupt",23277715
"1977-08-01",1977,"Sommer_Haupt",20967513
"1977-09-01",1977,"Sommer_Neben",8492968
"1977-10-01",1977,"Übergang",3061405
"1977-11-01",1977,"Übergang",1338749
"1977-12-01",1977,"Winter_Haupt",5560137
"1978-01-01",1978,"Winter_Haupt",8481689
"1978-02-01",1978,"Winter_Haupt",8290662
"1978-03-01",1978,"Winter_Haupt",10064355
"1978-04-01",1978,"Übergang",3101374
"1978-05-01",1978,"Sommer_Neben",5341878
"1978-06-01",1978,"Sommer_Neben",9019707
"1978-07-01",1978,"Sommer_Haupt",22649263
"1978-08-01",1978,"Sommer_Haupt",22067724
"1978-09-01",1978,"Sommer_Neben",8796999
"1978-10-01",1978,"Übergang",3095467
"1978-11-01",1978,"Übergang",1433061
"1978-12-01",1978,"Winter_Haupt",6009280
"1979-01-01",1979,"Winter_Haupt",8777230
"1979-02-01",1979,"Winter_Haupt",8498327
"1979-03-01",1979,"Winter_Haupt",6744278
"1979-04-01",1979,"Übergang",5985356
"1979-05-01",1979,"Sommer_Neben",4659976
"1979-06-01",1979,"Sommer_Neben",10174228
"1979-07-01",1979,"Sommer_Haupt",23411054
"1979-08-01",1979,"Sommer_Haupt",23419446
"1979-09-01",1979,"Sommer_Neben",9609616
"1979-10-01",1979,"Übergang",3520195
"1979-11-01",1979,"Übergang",1604171
"1979-12-01",1979,"Winter_Haupt",6161986
"1980-01-01",1980,"Winter_Haupt",8521905
"1980-02-01",1980,"Winter_Haupt",9501815
"1980-03-01",1980,"Winter_Haupt",7914099
"1980-04-01",1980,"Übergang",6093622
"1980-05-01",1980,"Sommer_Neben",5609707
"1980-06-01",1980,"Sommer_Neben",10726643
"1980-07-01",1980,"Sommer_Haupt",23616644
"1980-08-01",1980,"Sommer_Haupt",23791511
"1980-09-01",1980,"Sommer_Neben",10689845
"1980-10-01",1980,"Übergang",3791627
"1980-11-01",1980,"Übergang",1527951
"1980-12-01",1980,"Winter_Haupt",6961003
"1981-01-01",1981,"Winter_Haupt",9623620
"1981-02-01",1981,"Winter_Haupt",9563003
"1981-03-01",1981,"Winter_Haupt",8820020
"1981-04-01",1981,"Übergang",6606487
"1981-05-01",1981,"Sommer_Neben",5102585
"1981-06-01",1981,"Sommer_Neben",10444903
"1981-07-01",1981,"Sommer_Haupt",22451662
"1981-08-01",1981,"Sommer_Haupt",25214890
"1981-09-01",1981,"Sommer_Neben",11190060
"1981-10-01",1981,"Übergang",3796459
"1981-11-01",1981,"Übergang",1584298
"1981-12-01",1981,"Winter_Haupt",6741099
"1982-01-01",1982,"Winter_Haupt",10097766
"1982-02-01",1982,"Winter_Haupt",11063162
"1982-03-01",1982,"Winter_Haupt",8680391
"1982-04-01",1982,"Übergang",6251539
"1982-05-01",1982,"Sommer_Neben",5383356
"1982-06-01",1982,"Sommer_Neben",10131773
"1982-07-01",1982,"Sommer_Haupt",21819622
"1982-08-01",1982,"Sommer_Haupt",22940022
"1982-09-01",1982,"Sommer_Neben",10778734
"1982-10-01",1982,"Übergang",3843656
"1982-11-01",1982,"Übergang",1527686
"1982-12-01",1982,"Winter_Haupt",5875870
"1983-01-01",1983,"Winter_Haupt",9600275
"1983-02-01",1983,"Winter_Haupt",11268209
"1983-03-01",1983,"Winter_Haupt",10080623
"1983-04-01",1983,"Übergang",5070060
"1983-05-01",1983,"Sommer_Neben",5620023
"1983-06-01",1983,"Sommer_Neben",9764861
"1983-07-01",1983,"Sommer_Haupt",20976039
"1983-08-01",1983,"Sommer_Haupt",21435151
"1983-09-01",1983,"Sommer_Neben",10550492
"1983-10-01",1983,"Übergang",3899954
"1983-11-01",1983,"Übergang",1604554
"1983-12-01",1983,"Winter_Haupt",5922611
"1984-01-01",1984,"Winter_Haupt",9910938
"1984-02-01",1984,"Winter_Haupt",11295554
"1984-03-01",1984,"Winter_Haupt",9994481
"1984-04-01",1984,"Übergang",5702045
"1984-05-01",1984,"Sommer_Neben",4775436
"1984-06-01",1984,"Sommer_Neben",9843131
"1984-07-01",1984,"Sommer_Haupt",19574400
"1984-08-01",1984,"Sommer_Haupt",21146345
"1984-09-01",1984,"Sommer_Neben",10282870
"1984-10-01",1984,"Übergang",3897140
"1984-11-01",1984,"Übergang",1798785
"1984-12-01",1984,"Winter_Haupt",6404427
"1985-01-01",1985,"Winter_Haupt",9657824
"1985-02-01",1985,"Winter_Haupt",11831955
"1985-03-01",1985,"Winter_Haupt",9950850
"1985-04-01",1985,"Übergang",5665570
"1985-05-01",1985,"Sommer_Neben",5315253
"1985-06-01",1985,"Sommer_Neben",9534948
"1985-07-01",1985,"Sommer_Haupt",18688299
"1985-08-01",1985,"Sommer_Haupt",19985511
"1985-09-01",1985,"Sommer_Neben",10040563
"1985-10-01",1985,"Übergang",4135856
"1985-11-01",1985,"Übergang",1803009
"1985-12-01",1985,"Winter_Haupt",5976523
"1986-01-01",1986,"Winter_Haupt",9353079
"1986-02-01",1986,"Winter_Haupt",12272094
"1986-03-01",1986,"Winter_Haupt",12261836
"1986-04-01",1986,"Übergang",4459233
"1986-05-01",1986,"Sommer_Neben",5585207
"1986-06-01",1986,"Sommer_Neben",8105127
"1986-07-01",1986,"Sommer_Haupt",18659976
"1986-08-01",1986,"Sommer_Haupt",20376473
"1986-09-01",1986,"Sommer_Neben",10266423
"1986-10-01",1986,"Übergang",4221277
"1986-11-01",1986,"Übergang",1809327
"1986-12-01",1986,"Winter_Haupt",6251153
"1987-01-01",1987,"Winter_Haupt",9716401
"1987-02-01",1987,"Winter_Haupt",11950943
"1987-03-01",1987,"Winter_Haupt",10970766
"1987-04-01",1987,"Übergang",6287739
"1987-05-01",1987,"Sommer_Neben",4939313
"1987-06-01",1987,"Sommer_Neben",9259568
"1987-07-01",1987,"Sommer_Haupt",18318425
"1987-08-01",1987,"Sommer_Haupt",19310785
"1987-09-01",1987,"Sommer_Neben",10422136
"1987-10-01",1987,"Übergang",4570293
"1987-11-01",1987,"Übergang",1874872
"1987-12-01",1987,"Winter_Haupt",6063914
"1988-01-01",1988,"Winter_Haupt",9205502
"1988-02-01",1988,"Winter_Haupt",12921950
"1988-03-01",1988,"Winter_Haupt",12196238
"1988-04-01",1988,"Übergang",5817377
"1988-05-01",1988,"Sommer_Neben",5231744
"1988-06-01",1988,"Sommer_Neben",8543385
"1988-07-01",1988,"Sommer_Haupt",18903282
"1988-08-01",1988,"Sommer_Haupt",20074078
"1988-09-01",1988,"Sommer_Neben",10591556
"1988-10-01",1988,"Übergang",4811012
"1988-11-01",1988,"Übergang",1975442
"1988-12-01",1988,"Winter_Haupt",5440515
"1989-01-01",1989,"Winter_Haupt",10065327
"1989-02-01",1989,"Winter_Haupt",13563637
"1989-03-01",1989,"Winter_Haupt",14931915
"1989-04-01",1989,"Übergang",4476131
"1989-05-01",1989,"Sommer_Neben",6267597
"1989-06-01",1989,"Sommer_Neben",8805254
"1989-07-01",1989,"Sommer_Haupt",19948562
"1989-08-01",1989,"Sommer_Haupt",20920386
"1989-09-01",1989,"Sommer_Neben",11188047
"1989-10-01",1989,"Übergang",4977654
"1989-11-01",1989,"Übergang",2298167
"1989-12-01",1989,"Winter_Haupt",6341409
"1990-01-01",1990,"Winter_Haupt",9764812
"1990-02-01",1990,"Winter_Haupt",12469366
"1990-03-01",1990,"Winter_Haupt",11224690
"1990-04-01",1990,"Übergang",6748842
"1990-05-01",1990,"Sommer_Neben",5792995
"1990-06-01",1990,"Sommer_Neben",10074463
"1990-07-01",1990,"Sommer_Haupt",19403617
"1990-08-01",1990,"Sommer_Haupt",21409530
"1990-09-01",1990,"Sommer_Neben",11769052
"1990-10-01",1990,"Übergang",5501343
"1990-11-01",1990,"Übergang",2480053
"1990-12-01",1990,"Winter_Haupt",7039119
"1991-01-01",1991,"Winter_Haupt",10098432
"1991-02-01",1991,"Winter_Haupt",13915580
"1991-03-01",1991,"Winter_Haupt",12762067
"1991-04-01",1991,"Übergang",5093886
"1991-05-01",1991,"Sommer_Neben",6789207
"1991-06-01",1991,"Sommer_Neben",9430783
"1991-07-01",1991,"Sommer_Haupt",20510546
"1991-08-01",1991,"Sommer_Haupt",23360382
"1991-09-01",1991,"Sommer_Neben",12149471
"1991-10-01",1991,"Übergang",5876448
"1991-11-01",1991,"Übergang",2492667
"1991-12-01",1991,"Winter_Haupt",7593214
"1992-01-01",1992,"Winter_Haupt",11092400
"1992-02-01",1992,"Winter_Haupt",13873507
"1992-03-01",1992,"Winter_Haupt",11410251
"1992-04-01",1992,"Übergang",6608568
"1992-05-01",1992,"Sommer_Neben",6164838
"1992-06-01",1992,"Sommer_Neben",10298671
"1992-07-01",1992,"Sommer_Haupt",20218753
"1992-08-01",1992,"Sommer_Haupt",23059074
"1992-09-01",1992,"Sommer_Neben",12138840
"1992-10-01",1992,"Übergang",5517406
"1992-11-01",1992,"Übergang",2250521
"1992-12-01",1992,"Winter_Haupt",7783225
"1993-01-01",1993,"Winter_Haupt",12211987
"1993-02-01",1993,"Winter_Haupt",14232950
"1993-03-01",1993,"Winter_Haupt",10968616
"1993-04-01",1993,"Übergang",6603169
"1993-05-01",1993,"Sommer_Neben",6261931
"1993-06-01",1993,"Sommer_Neben",9950104
"1993-07-01",1993,"Sommer_Haupt",19124197
"1993-08-01",1993,"Sommer_Haupt",21943087
"1993-09-01",1993,"Sommer_Neben",11160828
"1993-10-01",1993,"Übergang",5139008
"1993-11-01",1993,"Übergang",2374878
"1993-12-01",1993,"Winter_Haupt",7068755
"1994-01-01",1994,"Winter_Haupt",12337682
"1994-02-01",1994,"Winter_Haupt",13887576
"1994-03-01",1994,"Winter_Haupt",12019243
"1994-04-01",1994,"Übergang",5209447
"1994-05-01",1994,"Sommer_Neben",6588498
"1994-06-01",1994,"Sommer_Neben",9155195
"1994-07-01",1994,"Sommer_Haupt",18431714
"1994-08-01",1994,"Sommer_Haupt",19788350
"1994-09-01",1994,"Sommer_Neben",10478493
"1994-10-01",1994,"Übergang",5158867
"1994-11-01",1994,"Übergang",2413576
"1994-12-01",1994,"Winter_Haupt",6890854
"1995-01-01",1995,"Winter_Haupt",11949733
"1995-02-01",1995,"Winter_Haupt",13784286
"1995-03-01",1995,"Winter_Haupt",9973238
"1995-04-01",1995,"Übergang",6394745
"1995-05-01",1995,"Sommer_Neben",5760968
"1995-06-01",1995,"Sommer_Neben",9406828
"1995-07-01",1995,"Sommer_Haupt",17157632
"1995-08-01",1995,"Sommer_Haupt",18371499
"1995-09-01",1995,"Sommer_Neben",9733012
"1995-10-01",1995,"Übergang",5144266
"1995-11-01",1995,"Übergang",2336505
"1995-12-01",1995,"Winter_Haupt",7101611
"1996-01-01",1996,"Winter_Haupt",11021217
"1996-02-01",1996,"Winter_Haupt",13584535
"1996-03-01",1996,"Winter_Haupt",10834969
"1996-04-01",1996,"Übergang",5622908
"1996-05-01",1996,"Sommer_Neben",5858185
"1996-06-01",1996,"Sommer_Neben",8583900
"1996-07-01",1996,"Sommer_Haupt",16380064
"1996-08-01",1996,"Sommer_Haupt",16869802
"1996-09-01",1996,"Sommer_Neben",9024538
"1996-10-01",1996,"Übergang",5163621
"1996-11-01",1996,"Übergang",2430703
"1996-12-01",1996,"Winter_Haupt",7561523
"1997-01-01",1997,"Winter_Haupt",10476333
"1997-02-01",1997,"Winter_Haupt",12630284
"1997-03-01",1997,"Winter_Haupt",11297525
"1997-04-01",1997,"Übergang",4410157
"1997-05-01",1997,"Sommer_Neben",6176819
"1997-06-01",1997,"Sommer_Neben",7829616
"1997-07-01",1997,"Sommer_Haupt",14269582
"1997-08-01",1997,"Sommer_Haupt",17332678
"1997-09-01",1997,"Sommer_Neben",9235924
"1997-10-01",1997,"Übergang",5200106
"1997-11-01",1997,"Übergang",2377910
"1997-12-01",1997,"Winter_Haupt",7868904
"1998-01-01",1998,"Winter_Haupt",10345910
"1998-02-01",1998,"Winter_Haupt",13132785
"1998-03-01",1998,"Winter_Haupt",9345651
"1998-04-01",1998,"Übergang",6468899
"1998-05-01",1998,"Sommer_Neben",5901757
"1998-06-01",1998,"Sommer_Neben",8287345
"1998-07-01",1998,"Sommer_Haupt",13974672
"1998-08-01",1998,"Sommer_Haupt",18446576
"1998-09-01",1998,"Sommer_Neben",9465346
"1998-10-01",1998,"Übergang",5177470
"1998-11-01",1998,"Übergang",2542893
"1998-12-01",1998,"Winter_Haupt",8067156
"1999-01-01",1999,"Winter_Haupt",11835562
"1999-02-01",1999,"Winter_Haupt",13508009
"1999-03-01",1999,"Winter_Haupt",10282741
"1999-04-01",1999,"Übergang",5885842
"1999-05-01",1999,"Sommer_Neben",5988252
"1999-06-01",1999,"Sommer_Neben",8280591
"1999-07-01",1999,"Sommer_Haupt",14459458
"1999-08-01",1999,"Sommer_Haupt",17904330
"1999-09-01",1999,"Sommer_Neben",9320316
"1999-10-01",1999,"Übergang",5247788
"1999-11-01",1999,"Übergang",2646650
"1999-12-01",1999,"Winter_Haupt",7373032
"2000-01-01",2000,"Winter_Haupt",12437804
"2000-02-01",2000,"Winter_Haupt",13480000
"2000-03-01",2000,"Winter_Haupt",11340174
"2000-04-01",2000,"Übergang",6137874
"2000-05-01",2000,"Sommer_Neben",5150347
"2000-06-01",2000,"Sommer_Neben",8908928
"2000-07-01",2000,"Sommer_Haupt",14618141
"2000-08-01",2000,"Sommer_Haupt",16498662
"2000-09-01",2000,"Sommer_Neben",9288298
"2000-10-01",2000,"Übergang",5180341
"2000-11-01",2000,"Übergang",2701638
"2000-12-01",2000,"Winter_Haupt",7943362
"2001-01-01",2001,"Winter_Haupt",12611596
"2001-02-01",2001,"Winter_Haupt",14249582
"2001-03-01",2001,"Winter_Haupt",11124465
"2001-04-01",2001,"Übergang",6639917
"2001-05-01",2001,"Sommer_Neben",5647470
"2001-06-01",2001,"Sommer_Neben",8467990
"2001-07-01",2001,"Sommer_Haupt",14626042
"2001-08-01",2001,"Sommer_Haupt",16490657
"2001-09-01",2001,"Sommer_Neben",8583676
"2001-10-01",2001,"Übergang",5429983
"2001-11-01",2001,"Übergang",2873002
"2001-12-01",2001,"Winter_Haupt",8365664
"2002-01-01",2002,"Winter_Haupt",12469912
"2002-02-01",2002,"Winter_Haupt",15032360
"2002-03-01",2002,"Winter_Haupt",12549557
"2002-04-01",2002,"Übergang",5009966
"2002-05-01",2002,"Sommer_Neben",6439941
"2002-06-01",2002,"Sommer_Neben",8224343
"2002-07-01",2002,"Sommer_Haupt",14645574
"2002-08-01",2002,"Sommer_Haupt",16554602
"2002-09-01",2002,"Sommer_Neben",8781886
"2002-10-01",2002,"Übergang",5549698
"2002-11-01",2002,"Übergang",2913234
"2002-12-01",2002,"Winter_Haupt",8632525
"2003-01-01",2003,"Winter_Haupt",12558610
"2003-02-01",2003,"Winter_Haupt",14351621
"2003-03-01",2003,"Winter_Haupt",11947651
"2003-04-01",2003,"Übergang",6428052
"2003-05-01",2003,"Sommer_Neben",5872467
"2003-06-01",2003,"Sommer_Neben",8976942
"2003-07-01",2003,"Sommer_Haupt",13691367
"2003-08-01",2003,"Sommer_Haupt",17790411
"2003-09-01",2003,"Sommer_Neben",9206279
"2003-10-01",2003,"Übergang",5558717
"2003-11-01",2003,"Übergang",3068894
"2003-12-01",2003,"Winter_Haupt",8515365
"2004-01-01",2004,"Winter_Haupt",12481210
"2004-02-01",2004,"Winter_Haupt",15785725
"2004-03-01",2004,"Winter_Haupt",11362805
"2004-04-01",2004,"Übergang",6886592
"2004-05-01",2004,"Sommer_Neben",6155760
"2004-06-01",2004,"Sommer_Neben",8518179
"2004-07-01",2004,"Sommer_Haupt",13557620
"2004-08-01",2004,"Sommer_Haupt",17078434
"2004-09-01",2004,"Sommer_Neben",9104940
"2004-10-01",2004,"Übergang",5407741
"2004-11-01",2004,"Übergang",3119155
"2004-12-01",2004,"Winter_Haupt",7792653
"2005-01-01",2005,"Winter_Haupt",13672902
"2005-02-01",2005,"Winter_Haupt",15280433
"2005-03-01",2005,"Winter_Haupt",14567987
"2005-04-01",2005,"Übergang",4761346
"2005-05-01",2005,"Sommer_Neben",6485192
"2005-06-01",2005,"Sommer_Neben",7954441
"2005-07-01",2005,"Sommer_Haupt",13762974
"2005-08-01",2005,"Sommer_Haupt",16670756
"2005-09-01",2005,"Sommer_Neben",9019138
"2005-10-01",2005,"Übergang",5685797
"2005-11-01",2005,"Übergang",3158067
"2005-12-01",2005,"Winter_Haupt",8221912
"2006-01-01",2006,"Winter_Haupt",13467099
"2006-02-01",2006,"Winter_Haupt",15424530
"2006-03-01",2006,"Winter_Haupt",12479283
"2006-04-01",2006,"Übergang",7187280
"2006-05-01",2006,"Sommer_Neben",5817909
"2006-06-01",2006,"Sommer_Neben",8575799
"2006-07-01",2006,"Sommer_Haupt",13858568
"2006-08-01",2006,"Sommer_Haupt",15373023
"2006-09-01",2006,"Sommer_Neben",9426190
"2006-10-01",2006,"Übergang",5930299
"2006-11-01",2006,"Übergang",3306606
"2006-12-01",2006,"Winter_Haupt",8556538
"2007-01-01",2007,"Winter_Haupt",13024098
"2007-02-01",2007,"Winter_Haupt",15541398
"2007-03-01",2007,"Winter_Haupt",11786861
"2007-04-01",2007,"Übergang",7167148
"2007-05-01",2007,"Sommer_Neben",6105886
"2007-06-01",2007,"Sommer_Neben",8824342
"2007-07-01",2007,"Sommer_Haupt",14742763
"2007-08-01",2007,"Sommer_Haupt",15841836
"2007-09-01",2007,"Sommer_Neben",9330374
"2007-10-01",2007,"Übergang",6101475
"2007-11-01",2007,"Übergang",3614714
"2007-12-01",2007,"Winter_Haupt",9368491
"2008-01-01",2008,"Winter_Haupt",13708035
"2008-02-01",2008,"Winter_Haupt",16891321
"2008-03-01",2008,"Winter_Haupt",14817637
"2008-04-01",2008,"Übergang",4913435
"2008-05-01",2008,"Sommer_Neben",7109574
"2008-06-01",2008,"Sommer_Neben",8531867
"2008-07-01",2008,"Sommer_Haupt",15268356
"2008-08-01",2008,"Sommer_Haupt",15986766
"2008-09-01",2008,"Sommer_Neben",9321150
"2008-10-01",2008,"Übergang",6194151
"2008-11-01",2008,"Übergang",3624128
"2008-12-01",2008,"Winter_Haupt",10352212
"2009-01-01",2009,"Winter_Haupt",14097527
"2009-02-01",2009,"Winter_Haupt",16092409
"2009-03-01",2009,"Winter_Haupt",11173817
"2009-04-01",2009,"Übergang",7560486
"2009-05-01",2009,"Sommer_Neben",6292516
"2009-06-01",2009,"Sommer_Neben",8577668
"2009-07-01",2009,"Sommer_Haupt",14519650
"2009-08-01",2009,"Sommer_Haupt",16695239
"2009-09-01",2009,"Sommer_Neben",9498362
"2009-10-01",2009,"Übergang",6090811
"2009-11-01",2009,"Übergang",3560562
"2009-12-01",2009,"Winter_Haupt",10147920
"2010-01-01",2010,"Winter_Haupt",13873305
"2010-02-01",2010,"Winter_Haupt",15900667
"2010-03-01",2010,"Winter_Haupt",12613962
"2010-04-01",2010,"Übergang",6598790
"2010-05-01",2010,"Sommer_Neben",6509304
"2010-06-01",2010,"Sommer_Neben",8407997
"2010-07-01",2010,"Sommer_Haupt",14945597
"2010-08-01",2010,"Sommer_Haupt",16773614
"2010-09-01",2010,"Sommer_Neben",9573457
"2010-10-01",2010,"Übergang",6265895
"2010-11-01",2010,"Übergang",3841399
"2010-12-01",2010,"Winter_Haupt",9576105
"2011-01-01",2011,"Winter_Haupt",14411086
"2011-02-01",2011,"Winter_Haupt",14835518
"2011-03-01",2011,"Winter_Haupt",12997147
"2011-04-01",2011,"Übergang",6401322
"2011-05-01",2011,"Sommer_Neben",5774356
"2011-06-01",2011,"Sommer_Neben",9752460
"2011-07-01",2011,"Sommer_Haupt",14900164
"2011-08-01",2011,"Sommer_Haupt",17201037
"2011-09-01",2011,"Sommer_Neben",9861609
"2011-10-01",2011,"Übergang",6516964
"2011-11-01",2011,"Übergang",3982511
"2011-12-01",2011,"Winter_Haupt",9367807
"2012-01-01",2012,"Winter_Haupt",14691053
"2012-02-01",2012,"Winter_Haupt",16648922
"2012-03-01",2012,"Winter_Haupt",12168100
"2012-04-01",2012,"Übergang",7450195
"2012-05-01",2012,"Sommer_Neben",6757252
"2012-06-01",2012,"Sommer_Neben",9316980
"2012-07-01",2012,"Sommer_Haupt",15201094
"2012-08-01",2012,"Sommer_Haupt",17531141
"2012-09-01",2012,"Sommer_Neben",10237620
"2012-10-01",2012,"Übergang",6655047
"2012-11-01",2012,"Übergang",4167266
"2012-12-01",2012,"Winter_Haupt",10191281
"2013-01-01",2013,"Winter_Haupt",14337139
"2013-02-01",2013,"Winter_Haupt",17087170
"2013-03-01",2013,"Winter_Haupt",14113258
"2013-04-01",2013,"Übergang",5662694
"2013-05-01",2013,"Sommer_Neben",7163568
"2013-06-01",2013,"Sommer_Neben",8813317
"2013-07-01",2013,"Sommer_Haupt",15476393
"2013-08-01",2013,"Sommer_Haupt",18175126
"2013-09-01",2013,"Sommer_Neben",10051922
"2013-10-01",2013,"Übergang",6780680
"2013-11-01",2013,"Übergang",4253923
"2013-12-01",2013,"Winter_Haupt",10713790
"2014-01-01",2014,"Winter_Haupt",13890428
"2014-02-01",2014,"Winter_Haupt",15560473
"2014-03-01",2014,"Winter_Haupt",13143730
"2014-04-01",2014,"Übergang",6930938
"2014-05-01",2014,"Sommer_Neben",6671123
"2014-06-01",2014,"Sommer_Neben",10103768
"2014-07-01",2014,"Sommer_Haupt",14785517
"2014-08-01",2014,"Sommer_Haupt",18513442
"2014-09-01",2014,"Sommer_Neben",10063970
"2014-10-01",2014,"Übergang",7075664
"2014-11-01",2014,"Übergang",4290243
"2014-12-01",2014,"Winter_Haupt",10871416
"2015-01-01",2015,"Winter_Haupt",13915727
"2015-02-01",2015,"Winter_Haupt",17226577
"2015-03-01",2015,"Winter_Haupt",12492010
"2015-04-01",2015,"Übergang",7102335
"2015-05-01",2015,"Sommer_Neben",7306144
"2015-06-01",2015,"Sommer_Neben",9863136
"2015-07-01",2015,"Sommer_Haupt",15934849
"2015-08-01",2015,"Sommer_Haupt",18867035
"2015-09-01",2015,"Sommer_Neben",10553225
"2015-10-01",2015,"Übergang",6902076
"2015-11-01",2015,"Übergang",4542346
"2015-12-01",2015,"Winter_Haupt",10543929
"2016-01-01",2016,"Winter_Haupt",14229334
"2016-02-01",2016,"Winter_Haupt",17797200
"2016-03-01",2016,"Winter_Haupt",15581922
"2016-04-01",2016,"Übergang",5832169
"2016-05-01",2016,"Sommer_Neben",8025225
"2016-06-01",2016,"Sommer_Neben",9304475
"2016-07-01",2016,"Sommer_Haupt",17056837
"2016-08-01",2016,"Sommer_Haupt",19828632
"2016-09-01",2016,"Sommer_Neben",11130598
"2016-10-01",2016,"Übergang",7605206
"2016-11-01",2016,"Übergang",4666449
"2016-12-01",2016,"Winter_Haupt",9818895
"2017-01-01",2017,"Winter_Haupt",14602547
"2017-02-01",2017,"Winter_Haupt",17280437
"2017-03-01",2017,"Winter_Haupt",13874964
"2017-04-01",2017,"Übergang",8348515
"2017-05-01",2017,"Sommer_Neben",7163569
"2017-06-01",2017,"Sommer_Neben",11271817
"2017-07-01",2017,"Sommer_Haupt",17695087
"2017-08-01",2017,"Sommer_Haupt",19977268
"2017-09-01",2017,"Sommer_Neben",11091392
"2017-10-01",2017,"Übergang",7787933
"2017-11-01",2017,"Übergang",4843712
"2017-12-01",2017,"Winter_Haupt",10562871
"2018-01-01",2018,"Winter_Haupt",15424579
"2018-02-01",2018,"Winter_Haupt",18206461
"2018-03-01",2018,"Winter_Haupt",15523213
"2018-04-01",2018,"Übergang",7278028
"2018-05-01",2018,"Sommer_Neben",8504863
"2018-06-01",2018,"Sommer_Neben",10777905
"2018-07-01",2018,"Sommer_Haupt",18361758
"2018-08-01",2018,"Sommer_Haupt",19766142
"2018-09-01",2018,"Sommer_Neben",11288113
"2018-10-01",2018,"Übergang",8048140
"2018-11-01",2018,"Übergang",5227899
"2018-12-01",2018,"Winter_Haupt",11412233
"2019-01-01",2019,"Winter_Haupt",15156391
"2019-02-01",2019,"Winter_Haupt",17862768
"2019-03-01",2019,"Winter_Haupt",14979370
"2019-04-01",2019,"Übergang",8276601
"2019-05-01",2019,"Sommer_Neben",7465251
"2019-06-01",2019,"Sommer_Neben",12610524
"2019-07-01",2019,"Sommer_Haupt",18754000
"2019-08-01",2019,"Sommer_Haupt",20194697
"2019-09-01",2019,"Sommer_Neben",11428432
"2019-10-01",2019,"Übergang",8521969
"2019-11-01",2019,"Übergang",5301369
"2019-12-01",2019,"Winter_Haupt",12157712
"2020-01-01",2020,"Winter_Haupt",16042908
"2020-02-01",2020,"Winter_Haupt",19733690
"2020-03-01",2020,"Winter_Haupt",6196039
"2020-04-01",2020,"Übergang",249868
"2020-05-01",2020,"Sommer_Neben",770115
"2020-06-01",2020,"Sommer_Neben",5246626
"2020-07-01",2020,"Sommer_Haupt",15574200
"2020-08-01",2020,"Sommer_Haupt",17994407
"2020-09-01",2020,"Sommer_Neben",9895421
"2020-10-01",2020,"Übergang",4347704
"2020-11-01",2020,"Übergang",1074796
"2020-12-01",2020,"Winter_Haupt",747222
"2021-01-01",2021,"Winter_Haupt",756931
"2021-02-01",2021,"Winter_Haupt",866669
"2021-03-01",2021,"Winter_Haupt",1079879
"2021-04-01",2021,"Übergang",1036434
"2021-05-01",2021,"Sommer_Neben",2913804
"2021-06-01",2021,"Sommer_Neben",7441813
"2021-07-01",2021,"Sommer_Haupt",15574909
"2021-08-01",2021,"Sommer_Haupt",20765380
"2021-09-01",2021,"Sommer_Neben",11726709
"2021-10-01",2021,"Übergang",8020680
"2021-11-01",2021,"Übergang",3268802
"2021-12-01",2021,"Winter_Haupt",6109999
"2022-01-01",2022,"Winter_Haupt",10220394
"2022-02-01",2022,"Winter_Haupt",13395405
"2022-03-01",2022,"Winter_Haupt",12150795
"2022-04-01",2022,"Übergang",7581435
"2022-05-01",2022,"Sommer_Neben",7221496
"2022-06-01",2022,"Sommer_Neben",11988573
"2022-07-01",2022,"Sommer_Haupt",17952635
"2022-08-01",2022,"Sommer_Haupt",20728115
"2022-09-01",2022,"Sommer_Neben",11650494
"2022-10-01",2022,"Übergang",8350099
"2022-11-01",2022,"Übergang",4885586
"2022-12-01",2022,"Winter_Haupt",10787073
"2023-01-01",2023,"Winter_Haupt",15027940
"2023-02-01",2023,"Winter_Haupt",17457450
"2023-03-01",2023,"Winter_Haupt",12937032
"2023-04-01",2023,"Übergang",8231946
"2023-05-01",2023,"Sommer_Neben",8279509
"2023-06-01",2023,"Sommer_Neben",12519455
"2023-07-01",2023,"Sommer_Haupt",18805599
"2023-08-01",2023,"Sommer_Haupt",20455405
"2023-09-01",2023,"Sommer_Neben",12209238
"2023-10-01",2023,"Übergang",8661552
"2023-11-01",2023,"Übergang",5175699
"2023-12-01",2023,"Winter_Haupt",11408118
"2024-01-01",2024,"Winter_Haupt",15515336
"2024-02-01",2024,"Winter_Haupt",18476532
"2024-03-01",2024,"Winter_Haupt",13922702
"2024-04-01",2024,"Übergang",6586730
"2024-05-01",2024,"Sommer_Neben",9518563
"2024-06-01",2024,"Sommer_Neben",11748133
"2024-07-01",2024,"Sommer_Haupt",18785340
"2024-08-01",2024,"Sommer_Haupt",21123005
"2024-09-01",2024,"Sommer_Neben",11366256
"2024-10-01",2024,"Übergang",9078574
"2024-11-01",2024,"Übergang",5541119
"2024-12-01",2024,"Winter_Haupt",12655553
